START_DATE,END_DATE,CATEGORY,START,STOP,MILES,PURPOSE
01-01-2016  21:11,01-01-2016  21:17,Business,Fort Pierce,Fort Pierce,5.1,Meal/Entertain
01-02-2016  01:25,01-02-2016  01:37,Business,Fort Pierce,Fort Pierce,5,
01-02-2016  20:25,01-02-2016  20:38,Business,Fort Pierce,Fort Pierce,4.8,Errand/Supplies
01-05-2016  17:31,01-05-2016  17:45,Business,Fort Pierce,Fort Pierce,4.7,Meeting
01-06-2016  14:42,01-06-2016  15:49,Business,Fort Pierce,West Palm Beach,63.7,Customer Visit
01-06-2016  17:15,01-06-2016  17:19,Business,West Palm Beach,West Palm Beach,4.3,Meal/Entertain
01-06-2016  17:30,01-06-2016  17:35,Business,West Palm Beach,Palm Beach,7.1,Meeting
01-07-2016  13:27,01-07-2016  13:33,Business,Cary,Cary,0.8,Meeting
01-10-2016  08:05,01-10-2016  08:25,Business,Cary,Morrisville,8.3,Meeting
01-10-2016  12:17,01-10-2016  12:44,Business,Jamaica,New York,16.5,Customer Visit
01-10-2016  15:08,01-10-2016  15:51,Business,New York,Queens,10.8,Meeting
01-10-2016  18:18,01-10-2016  18:53,Business,Elmhurst,New York,7.5,Meeting
01-10-2016  19:12,01-10-2016  19:32,Business,Midtown,East Harlem,6.2,Meeting
01-11-2016  08:55,01-11-2016  09:21,Business,East Harlem,NoMad,6.4,Temporary Site
01-11-2016  11:56,01-11-2016  12:03,Business,Flatiron District,Midtown,1.6,Errand/Supplies
01-11-2016  13:32,01-11-2016  13:46,Business,Midtown,Midtown East,1.7,Meal/Entertain
01-11-2016  14:30,01-11-2016  14:43,Business,Midtown East,Midtown,1.9,Meal/Entertain
01-12-2016  12:33,01-12-2016  12:49,Business,Midtown,Hudson Square,1.9,Meal/Entertain
01-12-2016  12:53,01-12-2016  13:09,Business,Hudson Square,Lower Manhattan,4,Meal/Entertain
01-12-2016  14:42,01-12-2016  14:56,Business,Lower Manhattan,Hudson Square,1.8,Errand/Supplies
01-12-2016  15:13,01-12-2016  15:28,Business,Hudson Square,Hell's Kitchen,2.4,Customer Visit
01-12-2016  15:42,01-12-2016  15:54,Business,Hell's Kitchen,Midtown,2,Errand/Supplies
01-12-2016  16:02,01-12-2016  17:00,Business,New York,Queens County,15.1,Meeting
01-13-2016  13:54,01-13-2016  14:07,Business,Downtown,Gulfton,11.2,Meeting
01-13-2016  15:00,01-13-2016  15:28,Business,Gulfton,Downtown,11.8,Meeting
01-14-2016  16:29,01-14-2016  17:05,Business,Houston,Houston,21.9,Customer Visit
01-14-2016  21:39,01-14-2016  21:45,Business,Eagan Park,Jamestown Court,3.9,Errand/Supplies
01-15-2016  00:41,01-15-2016  01:01,Business,Morrisville,Cary,8,Errand/Supplies
01-15-2016  11:43,01-15-2016  12:03,Business,Cary,Durham,10.4,Meal/Entertain
01-15-2016  13:26,01-15-2016  13:44,Business,Durham,Cary,10.4,Meal/Entertain
01-18-2016  14:55,01-18-2016  15:06,Business,Cary,Cary,4.8,Meal/Entertain
01-18-2016  16:13,01-18-2016  16:24,Business,Farmington Woods,Whitebridge,4.7,Meal/Entertain
01-19-2016  09:09,01-19-2016  09:23,Business,Whitebridge,Lake Wellingborough,7.2,
01-19-2016  10:55,01-19-2016  11:09,Business,Lake Wellingborough,Whitebridge,7.6,Temporary Site
01-20-2016  10:36,01-20-2016  11:11,Business,Cary,Raleigh,17.1,Meeting
01-20-2016  11:48,01-20-2016  12:19,Business,Fayetteville Street,Umstead,15.1,Meeting
01-20-2016  13:25,01-20-2016  14:19,Business,Raleigh,Cary,40.2,Customer Visit
01-21-2016  14:25,01-21-2016  14:29,Business,Cary,Cary,1.6,Errand/Supplies
01-21-2016  14:43,01-21-2016  14:51,Business,Cary,Cary,2.4,Meal/Entertain
01-21-2016  16:01,01-21-2016  16:06,Business,Cary,Cary,1,Meal/Entertain
01-26-2016  10:41,01-26-2016  10:50,Business,Whitebridge,Hazelwood,2,Meal/Entertain
01-26-2016  12:33,01-26-2016  12:41,Business,Hazelwood,Whitebridge,2.3,Errand/Supplies
01-26-2016  16:24,01-26-2016  16:32,Business,Whitebridge,Westpark Place,1.9,Errand/Supplies
01-26-2016  17:17,01-26-2016  17:22,Business,Cary,Cary,1.4,Errand/Supplies
01-26-2016  17:27,01-26-2016  17:29,Business,Cary,Cary,0.5,Errand/Supplies
01-27-2016  09:24,01-27-2016  09:31,Business,Cary,Cary,1.8,Meeting
01-27-2016  10:19,01-27-2016  10:48,Business,Cary,Raleigh,18.7,Customer Visit
01-27-2016  12:34,01-27-2016  12:44,Business,Fairmont,Meredith Townes,3.4,Customer Visit
01-27-2016  14:05,01-27-2016  14:13,Business,Raleigh,Raleigh,2.7,Customer Visit
01-27-2016  14:46,01-27-2016  15:08,Business,Raleigh,Cary,12.9,Customer Visit
01-28-2016  12:28,01-28-2016  13:00,Business,Cary,Raleigh,19,Temporary Site
01-28-2016  15:11,01-28-2016  15:31,Business,Meredith Townes,Leesville Hollow,14.7,Meeting
01-28-2016  16:21,01-28-2016  16:51,Business,Raleigh,Cary,15.7,Meeting
01-29-2016  09:31,01-29-2016  09:45,Business,Cary,Cary,4.6,Customer Visit
01-29-2016  10:56,01-29-2016  11:07,Business,Cary,Cary,5.2,Meeting
01-29-2016  11:43,01-29-2016  12:03,Business,Cary,Durham,10.4,Meeting
01-29-2016  13:24,01-29-2016  13:47,Business,Durham,Cary,10.1,Meeting
01-29-2016  18:31,01-29-2016  18:52,Business,Cary,Apex,5.8,Errand/Supplies
01-29-2016  21:21,01-29-2016  21:40,Business,Apex,Cary,5.5,Meal/Entertain
01-30-2016  16:21,01-30-2016  16:33,Business,Cary,Apex,5.7,Errand/Supplies
01-30-2016  18:09,01-30-2016  18:24,Business,Apex,Cary,5.7,Customer Visit
02-01-2016  10:35,02-01-2016  11:15,Business,Cary,Chapel Hill,19.4,Customer Visit
02-01-2016  12:10,02-01-2016  12:43,Business,Chapel Hill,Cary,23.3,Customer Visit
02-01-2016  12:56,02-01-2016  13:07,Business,Northwoods,Whitebridge,3.9,Meal/Entertain
02-02-2016  13:04,02-02-2016  13:23,Business,Whitebridge,Williamsburg Manor,8.3,Meeting
02-02-2016  13:51,02-02-2016  14:06,Business,Cary,Cary,6,Errand/Supplies
02-02-2016  14:38,02-02-2016  14:42,Business,Cary,Cary,1.6,Errand/Supplies
02-04-2016  08:40,02-04-2016  09:01,Business,Cary,Morrisville,5.2,Errand/Supplies
02-04-2016  09:37,02-04-2016  10:09,Business,Morrisville,Cary,9.7,Meal/Entertain
02-04-2016  10:26,02-04-2016  10:32,Business,Cary,Cary,1.6,Meal/Entertain
02-04-2016  15:59,02-04-2016  16:03,Business,Cary,Cary,1.1,Meal/Entertain
02-04-2016  16:35,02-04-2016  16:39,Business,Cary,Cary,1.6,Meal/Entertain
02-04-2016  18:04,02-04-2016  18:31,Business,Whitebridge,Macgregor Downs,9,Meeting
02-04-2016  20:36,02-04-2016  20:55,Business,Cary,Cary,7.7,Meeting
02-05-2016  11:47,02-05-2016  12:07,Business,Cary,Durham,10.4,Meeting
02-05-2016  13:22,02-05-2016  13:41,Business,Durham,Cary,10.4,Meeting
02-06-2016  16:20,02-06-2016  16:53,Business,Cary,Raleigh,11.4,Between Offices
02-06-2016  18:57,02-06-2016  19:21,Business,Raleigh,Cary,9,Errand/Supplies
02-06-2016  19:28,02-06-2016  19:37,Business,Edgehill Farms,Whitebridge,3.2,Meal/Entertain
02-07-2016  16:49,02-07-2016  17:01,Business,Cary,Apex,5.6,Errand/Supplies
02-07-2016  18:03,02-07-2016  18:17,Business,Apex,Cary,5.7,Customer Visit
02-07-2016  18:39,02-07-2016  18:53,Business,Cary,Morrisville,6.1,Temporary Site
02-07-2016  20:22,02-07-2016  20:40,Business,Morrisville,Cary,6.1,Meeting
02-08-2016  12:57,02-08-2016  13:08,Business,Whitebridge,Edgehill Farms,4.3,Meal/Entertain
02-08-2016  14:00,02-08-2016  14:10,Business,Edgehill Farms,Whitebridge,2.7,Meal/Entertain
02-09-2016  10:54,02-09-2016  11:07,Personal,Whitebridge,Northwoods,5.3,
02-09-2016  11:43,02-09-2016  11:50,Personal,Northwoods,Tanglewood,3,
02-09-2016  13:36,02-09-2016  13:52,Personal,Tanglewood,Preston,5.1,
02-09-2016  13:58,02-09-2016  14:02,Personal,Preston,Whitebridge,1.5,
02-09-2016  18:55,02-09-2016  19:11,Business,Cary,Morrisville,6.1,
02-09-2016  20:24,02-09-2016  20:40,Business,Morrisville,Cary,6.1,Meal/Entertain
02-11-2016  16:28,02-11-2016  17:10,Business,Cary,Raleigh,17.3,Meal/Entertain
02-11-2016  17:49,02-11-2016  18:10,Business,Eastgate,Walnut Terrace,5.7,Meal/Entertain
02-11-2016  18:24,02-11-2016  18:46,Business,Raleigh,Morrisville,13.5,Temporary Site
02-11-2016  20:36,02-11-2016  20:51,Business,Morrisville,Cary,6.1,Temporary Site
02-12-2016  08:21,02-12-2016  08:42,Business,Cary,Durham,8.5,Temporary Site
02-12-2016  10:45,02-12-2016  10:52,Business,Durham,Morrisville,2.6,Temporary Site
02-12-2016  11:14,02-12-2016  11:35,Business,Morrisville,Raleigh,17,Customer Visit
02-12-2016  13:02,02-12-2016  13:36,Business,Raleigh,Cary,18,Meeting
02-12-2016  14:49,02-12-2016  15:06,Business,Cary,Morrisville,8.4,Meeting
02-12-2016  15:33,02-12-2016  16:06,Business,Morrisville,Cary,11.5,Customer Visit
02-13-2016  14:21,02-13-2016  14:41,Business,Cary,Morrisville,8.9,Meeting
02-13-2016  23:45,02-14-2016  00:01,Personal,East Elmhurst,Jackson Heights,2.7,
02-14-2016  00:50,02-14-2016  01:00,Personal,Jackson Heights,East Elmhurst,1.8,
02-14-2016  14:07,02-14-2016  14:40,Business,East Elmhurst,New York,8.1,Meeting
02-14-2016  14:46,02-14-2016  15:03,Business,Midtown,Midtown West,2,Meeting
02-14-2016  16:35,02-14-2016  17:02,Business,New York,Long Island City,13,Meeting
02-14-2016  17:06,02-14-2016  17:29,Business,Long Island City,Jamaica,13.9,Meeting
02-16-2016  03:21,02-16-2016  04:13,Business,Katunayaka,Unknown Location,43.7,Customer Visit
02-16-2016  08:29,02-16-2016  09:34,Business,Unknown Location,Colombo,14.1,
02-16-2016  10:31,02-16-2016  10:41,Business,Colombo,Colombo,2.6,
02-16-2016  11:32,02-16-2016  12:02,Business,Colombo,Colombo,4.5,
02-16-2016  12:39,02-16-2016  12:42,Business,Colombo,Colombo,1.7,
02-16-2016  13:43,02-16-2016  13:55,Business,Colombo,Colombo,1.8,Temporary Site
02-16-2016  16:34,02-16-2016  17:10,Business,Colombo,Colombo,6,
02-16-2016  17:17,02-16-2016  17:26,Business,Colombo,Nugegoda,1.1,Meal/Entertain
02-16-2016  17:40,02-16-2016  17:44,Business,Nugegoda,Unknown Location,3.6,Errand/Supplies
02-17-2016  13:18,02-17-2016  14:04,Business,Unknown Location,Colombo,14.7,Temporary Site
02-17-2016  15:17,02-17-2016  15:22,Business,Colombo,Colombo,1.7,Meal/Entertain
02-17-2016  15:33,02-17-2016  16:17,Business,Colombo,Katunayaka,21.4,Temporary Site
02-17-2016  16:38,02-17-2016  16:43,Business,Katunayaka,Katunayaka,0.5,Errand/Supplies
02-18-2016  08:19,02-18-2016  08:27,Business,Unknown Location,Unknown Location,23.5,Temporary Site
02-18-2016  14:03,02-18-2016  14:45,Business,Unknown Location,Islamabad,12.7,Temporary Site
02-18-2016  15:16,02-18-2016  15:31,Business,Islamabad,Unknown Location,6,Temporary Site
02-18-2016  18:44,02-18-2016  18:58,Business,Unknown Location,Islamabad,5.2,Customer Visit
02-18-2016  19:27,02-18-2016  20:08,Business,Islamabad,Unknown Location,10,Meeting
02-19-2016  09:02,02-19-2016  09:14,Business,Unknown Location,Unknown Location,18.3,Meeting
02-19-2016  09:21,02-19-2016  09:51,Business,Unknown Location,Unknown Location,11.2,Meeting
02-19-2016  10:21,02-19-2016  10:48,Business,Unknown Location,Islamabad,7.6,Meeting
02-19-2016  11:20,02-19-2016  11:26,Personal,Islamabad,Islamabad,1.5,
02-19-2016  11:45,02-19-2016  11:50,Personal,Islamabad,Islamabad,1,
02-19-2016  12:09,02-19-2016  12:27,Business,Islamabad,Unknown Location,7.3,Temporary Site
02-19-2016  16:26,02-19-2016  16:45,Business,Unknown Location,Islamabad,3.5,
02-19-2016  17:09,02-19-2016  17:20,Business,Islamabad,Islamabad,4.2,
02-19-2016  20:08,02-19-2016  20:30,Personal,Islamabad,Unknown Location,13.6,
02-19-2016  20:34,02-19-2016  20:51,Personal,Unknown Location,Unknown Location,2.5,
02-20-2016  07:59,02-20-2016  08:32,Personal,Unknown Location,Islamabad,14.4,
02-20-2016  10:48,02-20-2016  10:56,Personal,Islamabad,Islamabad,3,
02-20-2016  11:45,02-20-2016  11:53,Personal,Islamabad,Islamabad,1.5,
02-20-2016  12:41,02-20-2016  13:17,Business,Islamabad,R?walpindi,18.4,
02-20-2016  14:50,02-20-2016  15:54,Business,R?walpindi,R?walpindi,23.1,Meeting
02-20-2016  16:59,02-20-2016  17:54,Personal,R?walpindi,Unknown Location,16.5,
02-20-2016  18:00,02-20-2016  18:03,Business,Unknown Location,Unknown Location,3.2,Errand/Supplies
02-20-2016  19:28,02-20-2016  19:49,Business,Unknown Location,Unknown Location,7.7,Errand/Supplies
02-21-2016  09:07,02-21-2016  09:46,Business,Unknown Location,Islamabad,14.5,
02-21-2016  11:39,02-21-2016  11:43,Business,Unknown Location,Islamabad,2.4,Errand/Supplies
02-21-2016  11:47,02-21-2016  12:01,Business,Islamabad,Islamabad,4.6,Errand/Supplies
02-21-2016  12:13,02-21-2016  12:35,Business,Islamabad,Unknown Location,8.8,Meal/Entertain
02-21-2016  12:51,02-21-2016  13:12,Business,Unknown Location,Unknown Location,8.3,Temporary Site
02-21-2016  13:33,02-21-2016  14:30,Business,Unknown Location,Unknown Location,22.7,Temporary Site
02-21-2016  14:36,02-21-2016  15:03,Business,Unknown Location,Islamabad,13,Temporary Site
02-21-2016  15:14,02-21-2016  15:31,Business,Islamabad,Noorpur Shahan,8.1,Temporary Site
02-21-2016  15:36,02-21-2016  15:41,Business,Noorpur Shahan,Unknown Location,2.2,Meal/Entertain
02-21-2016  16:04,02-21-2016  16:32,Business,Unknown Location,Unknown Location,9.7,
02-21-2016  23:15,02-21-2016  23:52,Business,Unknown Location,R?walpindi,20,Meeting
02-22-2016  21:54,02-22-2016  22:09,Business,Morrisville,Cary,8.1,Customer Visit
02-24-2016  14:30,02-24-2016  14:35,Business,Whitebridge,Preston,1.5,
02-24-2016  15:19,02-24-2016  15:25,Business,Preston,Whitebridge,1.7,Errand/Supplies
02-25-2016  16:27,02-25-2016  16:35,Business,Whitebridge,Heritage Pines,3.1,Errand/Supplies
02-25-2016  16:47,02-25-2016  17:02,Business,Heritage Pines,Whitebridge,3.2,Errand/Supplies
02-25-2016  17:16,02-25-2016  17:36,Business,Whitebridge,Tanglewood,6,Meal/Entertain
02-25-2016  18:22,02-25-2016  18:39,Business,Tanglewood,Whitebridge,5.8,Meal/Entertain
02-26-2016  09:06,02-26-2016  09:29,Business,Whitebridge,Westpark Place,6.3,
02-26-2016  11:05,02-26-2016  11:11,Personal,Westpark Place,Whitebridge,1.7,
02-26-2016  11:35,02-26-2016  11:59,Business,Cary,Durham,10.6,Meeting
02-26-2016  13:01,02-26-2016  13:24,Business,Durham,Cary,9.9,Meeting
02-26-2016  14:38,02-26-2016  14:46,Personal,Whitebridge,Westpark Place,1.9,
02-26-2016  15:00,02-26-2016  15:18,Personal,Westpark Place,Hazelwood,4.2,
02-26-2016  17:01,02-26-2016  17:12,Personal,Hazelwood,Whitebridge,2,
02-28-2016  05:22,02-28-2016  05:38,Business,Whitebridge,Waverly Place,7.7,Meeting
02-28-2016  09:26,02-28-2016  09:42,Business,Waverly Place,Whitebridge,6.8,Meeting
02-29-2016  11:07,02-29-2016  11:14,Personal,Whitebridge,Westpark Place,2.1,
02-29-2016  11:30,02-29-2016  11:40,Business,Cary,Apex,3.8,Meeting
02-29-2016  12:36,02-29-2016  12:48,Business,Apex,Cary,5.6,Meeting
02-29-2016  14:55,02-29-2016  15:03,Business,Whitebridge,Hazelwood,2.6,
02-29-2016  16:40,02-29-2016  17:00,Business,Hazelwood,Whitebridge,6.6,Customer Visit
03-01-2016  18:47,03-01-2016  19:10,Business,Whitebridge,Wayne Ridge,8,Meal/Entertain
03-01-2016  21:27,03-01-2016  21:45,Business,Wayne Ridge,Whitebridge,8,Meeting
03-03-2016  09:45,03-03-2016  09:52,Personal,Whitebridge,Westpark Place,2.2,
03-03-2016  11:04,03-03-2016  11:10,Business,Westpark Place,Whitebridge,2.3,Errand/Supplies
03-03-2016  14:44,03-03-2016  14:58,Business,Whitebridge,Northwoods,5.2,Meal/Entertain
03-03-2016  15:27,03-03-2016  15:48,Business,Cary,Raleigh,7.6,Customer Visit
03-03-2016  16:02,03-03-2016  16:42,Business,Raleigh,Cary,17.3,Meeting
03-04-2016  07:47,03-04-2016  08:06,Business,Cary,Durham,9.9,Meeting
03-04-2016  09:46,03-04-2016  10:03,Business,Durham,Cary,9.9,Customer Visit
03-04-2016  11:46,03-04-2016  12:06,Business,Cary,Durham,10.4,Meeting
03-04-2016  13:03,03-04-2016  13:25,Business,Durham,Cary,10.9,Meeting
03-04-2016  13:40,03-04-2016  14:09,Business,Cary,Raleigh,15.7,Customer Visit
03-04-2016  15:56,03-04-2016  16:08,Business,Raleigh,Raleigh,4.9,Meal/Entertain
03-04-2016  16:16,03-04-2016  16:22,Business,Fayetteville Street,Depot Historic District,0.8,Errand/Supplies
03-04-2016  16:43,03-04-2016  17:12,Business,Raleigh,Cary,13.5,Meeting
03-04-2016  19:02,03-04-2016  19:08,Business,Cary,Morrisville,1.9,Temporary Site
03-04-2016  19:16,03-04-2016  19:25,Business,Morrisville,Cary,2,Meal/Entertain
03-05-2016  11:44,03-05-2016  11:59,Business,Cary,Morrisville,6.5,Meal/Entertain
03-05-2016  12:57,03-05-2016  13:12,Personal,Weston,Weston,4.2,
03-05-2016  14:08,03-05-2016  14:18,Personal,Morrisville,Cary,3.5,
03-05-2016  14:39,03-05-2016  15:01,Business,Whitebridge,Wayne Ridge,7.8,Meal/Entertain
03-05-2016  16:52,03-05-2016  17:13,Business,Cary,Morrisville,7.8,Meal/Entertain
03-05-2016  17:23,03-05-2016  17:34,Business,Morrisville,Cary,3.9,Meal/Entertain
03-07-2016  09:10,03-07-2016  09:20,Business,Whitebridge,Edgehill Farms,2.8,Errand/Supplies
03-07-2016  09:23,03-07-2016  09:47,Business,Cary,Raleigh,12.4,Customer Visit
03-07-2016  12:10,03-07-2016  12:26,Business,Fayetteville Street,Meredith Townes,5.9,Customer Visit
03-07-2016  13:57,03-07-2016  14:18,Business,Meredith Townes,Leesville Hollow,9.4,Meeting
03-07-2016  15:19,03-07-2016  15:45,Business,Raleigh,Cary,11.9,Between Offices
03-08-2016  14:38,03-08-2016  14:55,Business,Whitebridge,Waverly Place,7.2,Between Offices
03-08-2016  15:35,03-08-2016  16:00,Business,Waverly Place,Whitebridge,7.6,Meal/Entertain
03-08-2016  16:13,03-08-2016  16:25,Personal,Whitebridge,Whitebridge,1.6,
03-10-2016  03:36,03-10-2016  03:53,Business,Cary,Morrisville,8.4,Meeting
03-10-2016  10:08,03-10-2016  10:37,Business,East Austin,West University,12.8,Meeting
03-10-2016  14:39,03-10-2016  14:55,Business,West University,South Congress,2.3,
03-10-2016  16:18,03-10-2016  16:28,Business,South Congress,Arts District,1.6,
03-11-2016  09:47,03-11-2016  09:59,Business,The Drag,Congress Ave District,2,Meal/Entertain
03-11-2016  10:29,03-11-2016  10:36,Business,Congress Ave District,Downtown,0.8,
03-11-2016  11:57,03-11-2016  12:04,Business,Downtown,Red River District,1.2,
03-11-2016  13:43,03-11-2016  13:51,Business,Red River District,Downtown,1,
03-11-2016  19:21,03-11-2016  19:35,Business,South Congress,The Drag,2.1,
03-12-2016  09:13,03-12-2016  09:22,Business,The Drag,South Congress,2.2,
03-12-2016  18:27,03-12-2016  18:37,Personal,South Congress,The Drag,1.9,
03-13-2016  09:07,03-13-2016  09:37,Business,The Drag,Convention Center District,5.7,Meal/Entertain
03-13-2016  18:23,03-13-2016  18:43,Business,South Congress,North Austin,8.4,Meal/Entertain
03-13-2016  20:07,03-13-2016  20:28,Business,Georgian Acres,The Drag,6.2,Meal/Entertain
03-13-2016  20:39,03-13-2016  20:58,Business,The Drag,North Austin,10.5,Meal/Entertain
03-13-2016  21:11,03-13-2016  21:23,Business,North Austin,Coxville,7.2,Meal/Entertain
03-13-2016  22:19,03-13-2016  22:39,Business,Coxville,The Drag,12.5,
03-14-2016  08:34,03-14-2016  08:49,Business,The Drag,South Congress,2,Errand/Supplies
03-14-2016  18:39,03-14-2016  18:55,Business,South Congress,The Drag,2.7,
03-15-2016  08:45,03-15-2016  08:57,Business,The Drag,Convention Center District,2,Meal/Entertain
03-15-2016  20:48,03-15-2016  21:01,Business,Downtown,The Drag,2.8,Meal/Entertain
03-16-2016  11:34,03-16-2016  11:45,Business,The Drag,Congress Ave District,1.7,Meal/Entertain
03-16-2016  14:44,03-16-2016  14:55,Business,Convention Center District,West University,2,
03-16-2016  18:43,03-16-2016  18:56,Business,West University,Congress Ave District,2.1,Meal/Entertain
03-17-2016  00:33,03-17-2016  00:44,Personal,Downtown,The Drag,1.7,
03-17-2016  12:52,03-17-2016  15:11,Business,Austin,Katy,136,Customer Visit
03-17-2016  15:16,03-17-2016  15:58,Business,Katy,Houston,30.2,Meeting
03-17-2016  17:20,03-17-2016  18:02,Business,Midtown,Alief,15.5,Meal/Entertain
03-17-2016  18:47,03-17-2016  19:09,Personal,Houston,Houston,4.9,
03-17-2016  20:57,03-17-2016  21:28,Personal,Houston,Houston,12.6,
03-17-2016  21:48,03-17-2016  22:04,Personal,Sharpstown,Midtown,10.4,
03-18-2016  07:15,03-18-2016  07:21,Business,Midtown,Midtown,1.1,Meal/Entertain
03-18-2016  08:35,03-18-2016  08:43,Business,Midtown,Midtown,1.1,Meal/Entertain
03-18-2016  18:24,03-18-2016  19:08,Business,Midtown,Sharpstown,13.2,Meeting
03-18-2016  19:23,03-18-2016  19:29,Business,Sharpstown,Sharpstown,1,Errand/Supplies
03-18-2016  21:01,03-18-2016  21:15,Business,Sharpstown,Midtown,9.2,Customer Visit
03-19-2016  09:10,03-19-2016  09:25,Business,Midtown,Sharpstown,9.4,Meal/Entertain
03-19-2016  12:50,03-19-2016  13:13,Business,Houston,Sugar Land,12,Customer Visit
03-19-2016  14:01,03-19-2016  14:57,Business,Sugar Land,Houston,35.1,Customer Visit
03-19-2016  15:34,03-19-2016  16:38,Business,Houston,Galveston,36.5,Meal/Entertain
03-19-2016  17:17,03-19-2016  17:32,Business,Galveston,Port Bolivar,3.1,Meal/Entertain
03-19-2016  17:37,03-19-2016  17:47,Business,Port Bolivar,Port Bolivar,2.1,Errand/Supplies
03-19-2016  17:52,03-19-2016  18:00,Business,Port Bolivar,Port Bolivar,1.2,
03-19-2016  18:53,03-19-2016  19:29,Business,Port Bolivar,Galveston,7.5,Meeting
03-19-2016  19:33,03-19-2016  20:39,Business,Galveston,Houston,57,Customer Visit
03-20-2016  07:37,03-20-2016  07:48,Business,Midtown,Washington Avenue,5.9,Meeting
03-20-2016  11:42,03-20-2016  11:56,Business,Washington Avenue,Midtown,6.2,Meeting
03-20-2016  17:08,03-20-2016  17:34,Business,Midtown,Sharpstown,10.4,
03-20-2016  18:34,03-20-2016  18:40,Personal,Sharpstown,Briar Meadow,1.2,
03-20-2016  18:45,03-20-2016  19:06,Business,Briar Meadow,Midtown,9.6,Customer Visit
03-21-2016  10:21,03-21-2016  10:26,Personal,Midtown,Downtown,1,
03-21-2016  16:05,03-21-2016  16:13,Business,Downtown,Midtown,0.9,Meal/Entertain
03-21-2016  18:59,03-21-2016  19:15,Business,Midtown,Sharpstown,8.8,
03-21-2016  20:18,03-21-2016  20:55,Business,Sharpstown,Midtown,25.6,Meal/Entertain
03-22-2016  06:17,03-22-2016  06:43,Business,Midtown,Greater Greenspoint,23,Meal/Entertain
03-22-2016  12:06,03-22-2016  12:24,Personal,Morrisville,Cary,8.1,
03-22-2016  19:12,03-22-2016  19:25,Personal,Whitebridge,Whitebridge,1.4,
03-23-2016  14:37,03-23-2016  14:42,Personal,Whitebridge,Preston,1.7,
03-23-2016  14:53,03-23-2016  14:59,Personal,Preston,Whitebridge,1.6,
03-24-2016  19:47,03-24-2016  19:54,Personal,Whitebridge,Westpark Place,2,
03-24-2016  20:34,03-24-2016  20:40,Business,Westpark Place,Whitebridge,2.2,
03-25-2016  13:24,03-25-2016  16:22,Business,Cary,Latta,144,Customer Visit
03-25-2016  16:52,03-25-2016  22:22,Business,Latta,Jacksonville,310.3,Customer Visit
03-25-2016  22:54,03-26-2016  01:39,Business,Jacksonville,Kissimmee,201,Meeting
03-26-2016  14:05,03-26-2016  14:29,Personal,Couples Glen,Isles of Buena Vista,6.7,
03-26-2016  15:19,03-26-2016  15:49,Personal,Kissimmee,Orlando,8.8,
03-26-2016  16:26,03-26-2016  16:30,Personal,Lake Reams,Lake Reams,1.2,
03-27-2016  00:31,03-27-2016  00:40,Business,Lake Reams,Lake Reams,2.1,Errand/Supplies
03-27-2016  01:11,03-27-2016  01:23,Business,Orlando,Kissimmee,6.6,Meal/Entertain
03-27-2016  15:31,03-27-2016  15:56,Business,Kissimmee,Orlando,6.1,Customer Visit
03-27-2016  21:26,03-27-2016  21:41,Personal,Orlando,Orlando,6.9,
03-27-2016  23:04,03-27-2016  23:18,Personal,Orlando,Kissimmee,7.3,
03-28-2016  12:29,03-28-2016  12:42,Personal,Kissimmee,Orlando,3.6,
03-28-2016  19:30,03-28-2016  20:23,Personal,Couples Glen,Vista East,27.2,
03-28-2016  22:55,03-28-2016  23:26,Personal,Orlando,Kissimmee,25.7,
03-29-2016  15:27,03-29-2016  16:11,Personal,Kissimmee,Orlando,13.6,
03-29-2016  18:20,03-29-2016  18:39,Personal,Sand Lake Commons,Sky Lake,6.2,
03-29-2016  20:29,03-29-2016  20:44,Personal,Sky Lake,Sand Lake Commons,6,
03-29-2016  23:04,03-29-2016  23:21,Personal,Orlando,Kissimmee,13.8,
03-30-2016  22:05,03-30-2016  22:55,Business,Orlando,Kissimmee,28.8,Meal/Entertain
03-31-2016  12:47,03-31-2016  13:22,Business,Kissimmee,Orlando,16.1,Temporary Site
03-31-2016  14:37,03-31-2016  15:09,Business,Orlando,Kissimmee,16.4,Meal/Entertain
04-01-2016  13:43,04-01-2016  14:01,Business,Kissimmee,Kissimmee,11,Meeting
04-01-2016  14:36,04-01-2016  15:24,Business,Kissimmee,Orlando,15.5,Customer Visit
04-01-2016  16:01,04-01-2016  16:49,Business,Orlando,Kissimmee,20.3,Meeting
04-01-2016  16:52,04-01-2016  16:57,Personal,Kissimmee,Kissimmee,0.7,
04-02-2016  08:48,04-02-2016  09:04,Personal,Kissimmee,Kissimmee,5.5,
04-02-2016  11:01,04-02-2016  11:16,Personal,Kissimmee,Kissimmee,5.1,
04-02-2016  12:21,04-02-2016  14:47,Business,Kissimmee,Daytona Beach,77.3,Customer Visit
04-02-2016  16:57,04-02-2016  18:09,Business,Daytona Beach,Jacksonville,80.5,Customer Visit
04-02-2016  19:38,04-02-2016  22:36,Business,Jacksonville,Ridgeland,174.2,Customer Visit
04-02-2016  23:11,04-03-2016  01:34,Business,Ridgeland,Florence,144,Meeting
04-03-2016  02:00,04-03-2016  04:16,Business,Florence,Cary,159.3,Meeting
04-05-2016  21:39,04-05-2016  21:55,Business,Whitebridge,Wayne Ridge,7.9,Meal/Entertain
04-06-2016  00:19,04-06-2016  00:39,Business,Wayne Ridge,Whitebridge,8,Meal/Entertain
04-07-2016  18:20,04-07-2016  18:39,Business,Cary,Morrisville,6.1,Meal/Entertain
04-07-2016  19:45,04-07-2016  20:00,Business,Morrisville,Cary,6.1,Errand/Supplies
04-08-2016  12:30,04-08-2016  12:48,Business,Cary,Durham,10.5,Meeting
04-08-2016  13:34,04-08-2016  13:51,Business,Durham,Cary,8.7,Meal/Entertain
04-08-2016  13:55,04-08-2016  14:03,Business,Westpark Place,Whitebridge,1.8,Errand/Supplies
04-08-2016  14:43,04-08-2016  15:20,Business,Cary,Raleigh,19.1,Meeting
04-08-2016  16:05,04-08-2016  16:47,Business,Raleigh,Cary,18.6,Meeting
04-12-2016  09:15,04-12-2016  09:26,Business,Whitebridge,Edgehill Farms,2.8,Errand/Supplies
04-12-2016  09:34,04-12-2016  09:53,Business,Cary,Raleigh,8.9,Meeting
04-12-2016  10:58,04-12-2016  11:18,Business,Meredith,Cedar Hill,7.5,Customer Visit
04-12-2016  12:22,04-12-2016  12:44,Business,Raleigh,Morrisville,15.9,Meeting
04-12-2016  13:42,04-12-2016  14:01,Business,Morrisville,Cary,6.5,Meal/Entertain
04-14-2016  07:29,04-14-2016  08:09,Business,Cary,Holly Springs,15.3,Temporary Site
04-14-2016  16:00,04-14-2016  16:43,Business,Holly Springs,Cary,13.7,Temporary Site
04-15-2016  11:36,04-15-2016  12:07,Business,Cary,Raleigh,11.9,Temporary Site
04-15-2016  12:29,04-15-2016  12:32,Business,Meredith Townes,Harden Place,1.4,Errand/Supplies
04-15-2016  14:31,04-15-2016  15:01,Business,Raleigh,Cary,15.2,Meeting
04-16-2016  12:59,04-16-2016  13:17,Business,Cary,Morrisville,6,Errand/Supplies
04-16-2016  15:10,04-16-2016  15:26,Business,Morrisville,Cary,6.1,Meal/Entertain
04-19-2016  17:44,04-19-2016  18:08,Business,Whitebridge,Wayne Ridge,8.2,Meal/Entertain
04-19-2016  19:57,04-19-2016  20:19,Business,Wayne Ridge,Whitebridge,8,Meal/Entertain
04-22-2016  08:25,04-22-2016  09:04,Business,Cary,Raleigh,13.6,Meeting
04-22-2016  10:10,04-22-2016  10:40,Business,Raleigh,Cary,22.5,Meeting
04-22-2016  12:08,04-22-2016  12:28,Business,Cary,Durham,10.4,Meeting
04-22-2016  13:02,04-22-2016  13:26,Business,Durham,Cary,10,Meeting
04-23-2016  17:03,04-23-2016  17:16,Business,Whitebridge,Tanglewood,6,Meal/Entertain
04-23-2016  18:49,04-23-2016  19:05,Business,Tanglewood,Whitebridge,6.5,Meal/Entertain
04-24-2016  19:07,04-24-2016  19:16,Business,Cary,Morrisville,3.1,Errand/Supplies
04-24-2016  19:46,04-24-2016  19:52,Business,Chessington,Chessington,1.9,Errand/Supplies
04-24-2016  21:41,04-24-2016  21:50,Business,Morrisville,Cary,4.2,Between Offices
04-27-2016  13:30,04-27-2016  13:40,Business,Whitebridge,Burtrose,4.9,Between Offices
04-27-2016  14:13,04-27-2016  14:25,Business,Burtrose,Whitebridge,4.8,Between Offices
04-28-2016  12:09,04-28-2016  12:34,Business,Cary,Raleigh,12.4,Customer Visit
04-28-2016  13:30,04-28-2016  13:49,Business,Raleigh,Cary,32.8,Customer Visit
04-28-2016  22:10,04-28-2016  22:28,Business,Morrisville,Cary,5.5,Customer Visit
04-29-2016  11:44,04-29-2016  12:01,Business,Cary,Durham,9.9,Meeting
04-29-2016  13:13,04-29-2016  13:34,Business,Durham,Cary,10,Meeting
04-29-2016  18:46,04-29-2016  19:18,Business,Cary,Durham,14.2,Customer Visit
04-29-2016  22:44,04-29-2016  23:19,Business,Durham,Cary,18.2,Meeting
04-30-2016  18:42,04-30-2016  18:57,Business,Whitebridge,Waverly Place,7.7,Meal/Entertain
04-30-2016  22:16,04-30-2016  22:34,Business,Waverly Place,Whitebridge,6.8,
05-01-2016  13:45,05-01-2016  13:53,Business,Whitebridge,Westpark Place,2.1,Meal/Entertain
05-01-2016  14:26,05-01-2016  14:31,Business,Westpark Place,Whitebridge,2.3,
05-01-2016  17:33,05-01-2016  17:45,Business,Whitebridge,Tanglewood,6.2,Between Offices
05-01-2016  17:54,05-01-2016  18:10,Business,Tanglewood,Parkway,7.5,Meeting
05-01-2016  22:38,05-01-2016  22:49,Business,Parkway,Whitebridge,3.1,Errand/Supplies
05-02-2016  14:14,05-02-2016  14:21,Business,Whitebridge,Westpark Place,2.2,Errand/Supplies
05-02-2016  15:37,05-02-2016  15:48,Business,Westpark Place,Whitebridge,3.9,Meal/Entertain
05-03-2016  22:20,05-03-2016  22:28,Business,Morrisville,Cary,2.5,Meal/Entertain
05-04-2016  15:16,05-04-2016  15:37,Business,Cary,Morrisville,8.7,Meal/Entertain
05-04-2016  20:55,05-04-2016  21:14,Business,Mcvan,Capitol One,14.5,Errand/Supplies
05-04-2016  21:30,05-04-2016  21:36,Business,Capitol One,University District,4.5,Meal/Entertain
05-04-2016  22:19,05-04-2016  22:27,Business,University District,Capitol One,5,Meal/Entertain
05-05-2016  21:24,05-05-2016  21:36,Business,Seattle,Redmond,14.2,Meal/Entertain
05-05-2016  22:34,05-05-2016  22:40,Business,Redmond,Bellevue,2.9,Errand/Supplies
05-05-2016  23:55,05-06-2016  00:08,Business,Bellevue,Seattle,12.9,Meeting
05-06-2016  05:47,05-06-2016  06:02,Business,Capitol One,Mcvan,14.4,Meeting
05-06-2016  16:45,05-06-2016  16:59,Business,Chapel Hill,Morrisville,17,Meeting
05-06-2016  17:18,05-06-2016  17:44,Business,Morrisville,Cary,7.9,Customer Visit
05-09-2016  06:08,05-09-2016  06:25,Business,Cary,Morrisville,8.4,Customer Visit
05-09-2016  14:39,05-09-2016  15:06,Business,San Francisco,Palo Alto,20.5,Between Offices
05-09-2016  17:58,05-09-2016  18:26,Business,Palo Alto,Sunnyvale,9.8,Customer Visit
05-09-2016  19:35,05-09-2016  19:59,Business,Sunnyvale,Newark,17.6,Customer Visit
05-10-2016  09:03,05-10-2016  09:20,Business,Newark,Menlo Park,9.3,Customer Visit
05-10-2016  17:19,05-10-2016  17:31,Business,Menlo Park,Newark,7.9,Customer Visit
05-11-2016  08:35,05-11-2016  09:12,Business,Newark,San Francisco,25.6,Meeting
05-11-2016  21:47,05-11-2016  22:04,Business,Morrisville,Cary,8.1,Meeting
05-14-2016  18:35,05-14-2016  18:39,Business,Cary,Morrisville,3.1,Meal/Entertain
05-14-2016  23:01,05-14-2016  23:05,Business,Morrisville,Cary,3.1,Meal/Entertain
05-17-2016  13:15,05-17-2016  13:23,Business,Whitebridge,Preston,2.8,Errand/Supplies
05-17-2016  13:56,05-17-2016  14:08,Business,Preston,Westpark Place,2.7,Errand/Supplies
05-17-2016  14:34,05-17-2016  14:40,Business,Westpark Place,Whitebridge,1.9,Errand/Supplies
05-18-2016  09:11,05-18-2016  09:41,Business,Cary,Morrisville,8.4,Customer Visit
05-18-2016  13:00,05-18-2016  13:02,Business,Morrisville,Raleigh,7.6,Customer Visit
05-19-2016  14:37,05-19-2016  15:01,Business,Old City,Parkway Museums,2.9,Meal/Entertain
05-20-2016  10:56,05-20-2016  11:07,Business,Old City,Hog Island,11.2,Meeting
05-20-2016  15:43,05-20-2016  16:12,Business,Morrisville,Cary,8.2,Meal/Entertain
05-22-2016  15:39,05-22-2016  15:46,Business,Cary,Morrisville,3,Meal/Entertain
05-22-2016  18:46,05-22-2016  18:53,Business,Morrisville,Cary,2.5,Meal/Entertain
05-23-2016  20:19,05-23-2016  20:27,Business,Whitebridge,Savon Height,3.6,Meal/Entertain
05-23-2016  21:09,05-23-2016  21:21,Business,Savon Height,Whitebridge,3.6,Errand/Supplies
05-27-2016  20:26,05-27-2016  20:30,Business,Whitebridge,Kildaire Farms,4.5,Errand/Supplies
05-27-2016  20:47,05-27-2016  20:53,Business,Savon Height,Kilarney Woods,1.2,
05-27-2016  22:11,05-27-2016  22:14,Business,Kilarney Woods,Kildaire Farms,1.7,Errand/Supplies
05-28-2016  00:15,05-28-2016  00:21,Business,Kilarney Woods,Whitebridge,4.7,Errand/Supplies
05-28-2016  12:52,05-28-2016  13:06,Business,Cary,Morrisville,6.1,Meal/Entertain
05-28-2016  14:35,05-28-2016  15:04,Business,Morrisville,Cary,11.3,Customer Visit
05-31-2016  13:54,05-31-2016  14:41,Business,Cary,Raleigh,14.9,Meeting
05-31-2016  16:02,05-31-2016  16:39,Business,Raleigh,Cary,14,Meeting
05-31-2016  17:50,05-31-2016  17:59,Business,Westpark Place,Whitebridge,1.8,
06-01-2016  10:19,06-01-2016  10:47,Business,Cary,Morrisville,6.7,Customer Visit
06-01-2016  13:10,06-01-2016  13:39,Business,Morrisville,Cary,9.6,Meeting
06-03-2016  11:29,06-03-2016  11:49,Business,Cary,Durham,10.4,Meeting
06-03-2016  13:08,06-03-2016  13:38,Business,Durham,Cary,9.9,Meeting
06-03-2016  15:31,06-03-2016  15:54,Business,Cary,Morrisville,6,Meal/Entertain
06-03-2016  18:14,06-03-2016  18:29,Business,Townes at Everett Crossing,Chessington,3.3,Errand/Supplies
06-03-2016  18:41,06-03-2016  18:53,Business,Morrisville,Cary,3.1,Errand/Supplies
06-03-2016  19:36,06-03-2016  19:42,Business,Huntington Woods,Weston,1.7,Errand/Supplies
06-03-2016  22:47,06-03-2016  23:06,Business,Morrisville,Cary,4,Between Offices
06-05-2016  14:03,06-05-2016  14:33,Business,Whitebridge,Savon Height,7.8,Customer Visit
06-05-2016  15:06,06-05-2016  15:22,Business,Cary,Morrisville,7.8,Customer Visit
06-05-2016  15:57,06-05-2016  16:08,Business,Weston,Weston,3.8,Meal/Entertain
06-05-2016  18:05,06-05-2016  18:14,Business,Morrisville,Cary,2.5,Meal/Entertain
06-05-2016  21:53,06-05-2016  22:05,Business,Cary,Durham,9.9,Meeting
06-05-2016  23:52,06-06-2016  00:08,Business,Durham,Cary,9.9,Meeting
06-06-2016  15:36,06-06-2016  15:45,Business,Whitebridge,Hazelwood,3,Errand/Supplies
06-06-2016  16:16,06-06-2016  16:24,Business,Hazelwood,Whitebridge,2.4,Errand/Supplies
06-06-2016  20:06,06-06-2016  20:20,Business,Cary,Apex,5.7,Meal/Entertain
06-06-2016  21:08,06-06-2016  21:37,Business,Apex,Cary,7.2,Meal/Entertain
06-06-2016  21:41,06-06-2016  22:00,Business,Cary,Durham,10.4,Meeting
06-06-2016  23:34,06-06-2016  23:48,Business,Durham,Cary,9.9,Meeting
06-07-2016  21:42,06-07-2016  22:00,Business,Cary,Durham,10.4,Meeting
06-07-2016  23:41,06-08-2016  00:04,Business,Durham,Cary,9.9,Meeting
06-08-2016  08:23,06-08-2016  08:53,Business,Cary,Morrisville,8.7,Meal/Entertain
06-08-2016  12:04,06-08-2016  13:01,Business,Jamaica,New York,22.3,Errand/Supplies
06-08-2016  13:12,06-08-2016  13:29,Business,Seaport,Gramercy-Flatiron,3.3,Meal/Entertain
06-08-2016  14:31,06-08-2016  14:37,Business,Medical Centre,Tudor City,0.7,Errand/Supplies
06-08-2016  16:55,06-08-2016  17:11,Business,Rose Hill,Soho,2.5,Meal/Entertain
06-08-2016  17:16,06-08-2016  17:18,Business,Soho,Tribeca,0.5,Errand/Supplies
06-08-2016  17:59,06-08-2016  18:05,Business,Tribeca,Financial District,0.9,Errand/Supplies
06-08-2016  20:11,06-08-2016  20:25,Business,Financial District,Kips Bay,4.8,Errand/Supplies
06-10-2016  15:19,06-10-2016  16:28,Business,New York,Jamaica,16.3,Meeting
06-10-2016  21:47,06-10-2016  22:04,Business,Cary,Durham,10.4,Meeting
06-10-2016  23:53,06-11-2016  00:01,Business,Durham,Cary,9.9,Meeting
06-11-2016  17:08,06-11-2016  17:16,Business,Cary,Morrisville,3.7,Errand/Supplies
06-11-2016  17:34,06-11-2016  17:39,Business,Morrisville,Cary,4.6,Meal/Entertain
06-11-2016  17:50,06-11-2016  17:56,Business,Westpark Place,Whitebridge,1.7,
06-11-2016  21:45,06-11-2016  22:04,Business,Cary,Durham,10.4,Meeting
06-11-2016  23:39,06-12-2016  00:05,Business,Durham,Cary,9.9,Meeting
06-12-2016  19:53,06-12-2016  19:56,Business,Cary,Morrisville,2.5,Meal/Entertain
06-12-2016  20:05,06-12-2016  20:16,Business,Morrisville,Cary,4.3,Errand/Supplies
06-12-2016  21:58,06-12-2016  22:19,Business,Parkway,Whitebridge,2.8,Errand/Supplies
06-13-2016  05:23,06-13-2016  05:42,Business,Cary,Morrisville,8.4,Meal/Entertain
06-13-2016  14:17,06-13-2016  14:46,Business,Oakland,Emeryville,13.2,Meeting
06-13-2016  18:08,06-13-2016  18:47,Business,Emeryville,Berkeley,3.9,Meal/Entertain
06-13-2016  18:54,06-13-2016  19:23,Business,Berkeley,Oakland,5.1,Meal/Entertain
06-13-2016  20:00,06-13-2016  20:05,Business,Oakland,Unknown Location,5.2,Customer Visit
06-14-2016  12:03,06-14-2016  12:21,Business,Emeryville,San Francisco,9.8,
06-14-2016  16:09,06-14-2016  16:39,Business,San Francisco,Emeryville,11.6,Meeting
06-14-2016  17:15,06-14-2016  17:24,Business,Emeryville,Oakland,5.1,Meeting
06-14-2016  17:27,06-14-2016  17:57,Business,Downtown,Bay Farm Island,9.3,Errand/Supplies
06-15-2016  01:46,06-15-2016  02:06,Business,Kenner,New Orleans,12.4,Between Offices
06-15-2016  15:26,06-15-2016  15:34,Business,CBD,Lower Garden District,1.9,Between Offices
06-15-2016  16:37,06-15-2016  17:02,Business,Lower Garden District,Lakeview,6.4,Customer Visit
06-15-2016  17:29,06-15-2016  17:49,Personal,Lakeview,Storyville,5.5,
06-15-2016  19:52,06-15-2016  19:58,Business,Storyville,Faubourg Marigny,1.5,Meal/Entertain
06-16-2016  13:36,06-16-2016  14:30,Business,New Orleans,Metairie,14.5,
06-16-2016  14:42,06-16-2016  14:46,Business,Metairie,Kenner,2.7,
06-16-2016  15:17,06-16-2016  15:41,Business,Kenner,New Orleans,15,
06-16-2016  19:39,06-16-2016  19:56,Business,New Orleans,Kenner,12.9,
06-16-2016  21:43,06-16-2016  21:56,Business,Kenner,New Orleans,13.6,
06-17-2016  16:11,06-17-2016  16:44,Business,New Orleans,Kenner,12.2,
06-18-2016  00:29,06-18-2016  00:51,Business,Morrisville,Cary,8.7,
06-19-2016  02:39,06-19-2016  02:50,Business,Cary,Raleigh,6,
06-19-2016  05:51,06-19-2016  06:00,Business,Raleigh,Cary,5.9,
06-21-2016  15:39,06-21-2016  16:08,Business,Cary,Raleigh,19.3,
06-21-2016  17:11,06-21-2016  18:02,Business,Raleigh,Cary,16.6,Meal/Entertain
06-24-2016  10:41,06-24-2016  10:57,Business,Whitebridge,Waverly Place,7.1,Meal/Entertain
06-24-2016  11:54,06-24-2016  12:01,Business,Waverly Place,Macgregor Downs,2.1,Meal/Entertain
06-24-2016  12:19,06-24-2016  12:37,Business,Cary,Raleigh,8.6,Errand/Supplies
06-24-2016  12:50,06-24-2016  13:12,Business,Raleigh,Morrisville,9,Errand/Supplies
06-24-2016  13:18,06-24-2016  13:27,Business,Morrisville,Cary,3.1,Errand/Supplies
06-24-2016  14:01,06-24-2016  14:20,Business,Cary,Morrisville,8.4,Temporary Site
06-24-2016  20:44,06-24-2016  21:02,Business,Kenner,New Orleans,12.8,
06-25-2016  09:03,06-25-2016  09:12,Business,CBD,Bywater,4.5,
06-25-2016  09:15,06-25-2016  10:08,Business,New Orleans,Chalmette,11.8,Between Offices
06-25-2016  10:18,06-25-2016  10:25,Business,Chalmette,Arabi,1.1,Errand/Supplies
06-25-2016  10:50,06-25-2016  11:18,Business,Arabi,Metairie,17,Meal/Entertain
06-25-2016  11:25,06-25-2016  11:34,Business,Pontchartrain Shores,Pontchartrain Shores,1.7,Meeting
06-25-2016  11:53,06-25-2016  13:21,Business,Metairie,New Orleans,15.5,Meeting
06-25-2016  19:47,06-25-2016  19:58,Business,Storyville,Marigny,1.6,
06-25-2016  23:19,06-25-2016  23:26,Business,Marigny,Storyville,1.5,
06-26-2016  17:43,06-26-2016  18:18,Business,New Orleans,Kenner,12.6,Meeting
06-26-2016  18:45,06-26-2016  19:12,Business,Pontchartrain Shores,Pontchartrain Shores,4.8,
06-26-2016  19:41,06-26-2016  19:50,Business,Kenner,Kenner,2.2,
06-26-2016  21:14,06-26-2016  21:42,Business,Kenner,New Orleans,13,
06-27-2016  07:37,06-27-2016  08:48,Business,New Orleans,Covington,46.9,
06-27-2016  08:51,06-27-2016  09:00,Business,Covington,Covington,2.5,
06-27-2016  09:05,06-27-2016  09:33,Business,Covington,Covington,8.6,
06-27-2016  09:43,06-27-2016  10:08,Business,Covington,Covington,5.2,
06-27-2016  10:22,06-27-2016  10:39,Business,Covington,Covington,7.6,
06-27-2016  10:51,06-27-2016  10:58,Business,Covington,Covington,1.8,
06-27-2016  11:06,06-27-2016  11:24,Business,Covington,Mandeville,4.7,
06-27-2016  11:30,06-27-2016  11:42,Business,Mandeville,Mandeville,2.8,
06-27-2016  12:22,06-27-2016  13:02,Business,Mandeville,Metairie,30,
06-27-2016  13:56,06-27-2016  14:05,Business,Metairie,Kenner,4.4,
06-27-2016  21:09,06-27-2016  21:19,Business,Jamestown Court,Jamestown Court,1,
06-28-2016  00:48,06-28-2016  01:05,Business,Morrisville,Cary,8.2,Customer Visit
06-28-2016  20:13,06-28-2016  20:33,Business,Cary,Durham,10.4,Meeting
06-28-2016  23:34,06-28-2016  23:59,Business,Durham,Cary,9.9,Meeting
06-28-2016  23:34,06-28-2016  23:59,Business,Durham,Cary,9.9,Meeting
06-29-2016  08:56,06-29-2016  09:24,Business,Cary,Morrisville,7.3,
06-29-2016  10:22,06-29-2016  10:38,Business,Morrisville,Cary,7.4,
06-29-2016  11:49,06-29-2016  11:51,Business,Whitebridge,Westpark Place,1.6,
06-29-2016  12:11,06-29-2016  12:16,Business,Westpark Place,Whitebridge,1.8,
06-29-2016  20:11,06-29-2016  20:29,Business,Cary,Durham,10.4,Meeting
06-29-2016  23:38,06-30-2016  00:00,Business,Durham,Cary,9.9,Meeting
06-30-2016  20:09,06-30-2016  20:26,Business,Cary,Durham,9.9,Meeting
07-01-2016  00:00,07-01-2016  00:25,Business,Durham,Cary,9.9,Meeting
07-01-2016  09:34,07-01-2016  09:57,Business,Cary,Raleigh,13.3,Meeting
07-01-2016  12:36,07-01-2016  13:00,Business,Raleigh,Cary,11.3,Meeting
07-01-2016  20:06,07-01-2016  20:24,Business,Cary,Durham,10.5,Meeting
07-01-2016  23:48,07-02-2016  00:09,Business,Durham,Cary,9.9,Meeting
07-02-2016  20:18,07-02-2016  20:36,Business,Cary,Durham,10.1,Meeting
07-02-2016  23:48,07-03-2016  00:12,Business,Durham,Cary,9.9,Meeting
07-03-2016  00:28,07-03-2016  00:38,Business,Cary,Morrisville,3.1,Errand/Supplies
07-03-2016  03:02,07-03-2016  03:08,Business,Morrisville,Cary,3.1,Errand/Supplies
07-03-2016  20:00,07-03-2016  20:18,Business,Cary,Durham,9.9,Meeting
07-04-2016  00:32,07-04-2016  00:47,Business,Durham,Cary,9.9,Meeting
07-04-2016  17:31,07-04-2016  17:49,Business,Whitebridge,Summerwinds,8.8,Meeting
07-04-2016  18:23,07-04-2016  18:49,Business,Summerwinds,Whitebridge,8.7,Temporary Site
07-04-2016  20:00,07-04-2016  20:17,Business,Cary,Durham,11.8,Meeting
07-05-2016  00:00,07-05-2016  00:05,Business,Parkwood,Parkwood,1.2,Errand/Supplies
07-05-2016  00:08,07-05-2016  00:28,Business,Durham,Cary,9.9,Meeting
07-05-2016  16:48,07-05-2016  16:52,Business,Whitebridge,Whitebridge,0.6,Errand/Supplies
07-05-2016  20:06,07-05-2016  20:26,Business,Cary,Durham,9.9,
07-05-2016  22:41,07-05-2016  23:02,Business,Durham,Morrisville,8.6,
07-06-2016  00:33,07-06-2016  00:53,Business,Morrisville,Cary,6.3,Meal/Entertain
07-06-2016  09:06,07-06-2016  09:25,Business,Cary,Durham,9.9,Meeting
07-06-2016  12:48,07-06-2016  13:08,Business,Durham,Cary,9.9,
07-06-2016  20:04,07-06-2016  20:14,Business,Cary,Morrisville,3.3,Meal/Entertain
07-06-2016  23:46,07-06-2016  23:59,Business,Morrisville,Cary,3.1,Customer Visit
07-07-2016  08:22,07-07-2016  08:50,Business,Cary,Morrisville,7.9,Temporary Site
07-07-2016  10:27,07-07-2016  10:33,Business,Morrisville,Cary,8.9,
07-07-2016  12:59,07-07-2016  13:35,Business,Kenner,New Orleans,12.8,
07-08-2016  09:50,07-08-2016  10:13,Business,CBD,Pontchartrain Beach,7.7,
07-08-2016  10:51,07-08-2016  11:12,Business,Pontchartrain Beach,CBD,7,
07-08-2016  13:48,07-08-2016  14:11,Business,New Orleans,Metairie,12.5,
07-08-2016  17:11,07-08-2016  17:30,Business,Kenner,New Orleans,13.2,
07-09-2016  09:03,07-09-2016  09:46,Business,New Orleans,Kenner,13,
07-09-2016  09:52,07-09-2016  10:06,Business,Kenner,Metairie,4.9,
07-09-2016  10:15,07-09-2016  10:33,Business,Metairie,New Orleans,8.5,
07-10-2016  14:10,07-10-2016  14:17,Business,CBD,St Thomas,1.3,
07-10-2016  16:04,07-10-2016  16:15,Business,St Thomas,CBD,1.8,
07-10-2016  18:05,07-10-2016  18:21,Business,New Orleans,Kenner,13.6,
07-10-2016  19:51,07-10-2016  20:08,Business,Kenner,New Orleans,13.4,
07-12-2016  16:10,07-12-2016  16:45,Business,New Orleans,Kenner,12.3,
07-12-2016  19:21,07-12-2016  19:26,Personal,Kenner,Kenner,1.4,
07-12-2016  23:47,07-13-2016  00:11,Personal,Morrisville,Cary,8.7,
07-13-2016  12:39,07-13-2016  13:20,Personal,Cary,Morrisville,23.5,
07-13-2016  13:25,07-13-2016  13:39,Personal,Morrisville,Morrisville,2.2,
07-13-2016  13:42,07-13-2016  13:54,Personal,Morrisville,Cary,4.4,
07-14-2016  15:51,07-14-2016  15:59,Personal,Cary,Morrisville,3.3,
07-14-2016  16:03,07-14-2016  16:34,Business,Morrisville,Morrisville,11.8,Errand/Supplies
07-14-2016  16:39,07-14-2016  20:05,Business,Morrisville,Banner Elk,195.3,
07-15-2016  11:32,07-15-2016  11:53,Personal,Banner Elk,Banner Elk,8.3,
07-15-2016  12:09,07-15-2016  12:19,Personal,Banner Elk,Banner Elk,3.2,
07-15-2016  12:35,07-15-2016  13:15,Personal,Banner Elk,Elk Park,22.4,
07-15-2016  15:03,07-15-2016  15:33,Personal,Elk Park,Banner Elk,12.2,
07-15-2016  15:40,07-15-2016  15:52,Personal,Banner Elk,Banner Elk,4.5,
07-16-2016  13:14,07-16-2016  14:10,Personal,Banner Elk,Newland,28.1,
07-16-2016  14:14,07-16-2016  14:30,Personal,Newland,Newland,3.8,
07-16-2016  15:29,07-16-2016  16:57,Personal,Newland,Boone,41.9,
07-16-2016  19:42,07-16-2016  20:35,Personal,Boone,Banner Elk,23.8,
07-16-2016  21:45,07-16-2016  22:18,Personal,Banner Elk,Banner Elk,13,
07-16-2016  22:50,07-16-2016  23:03,Business,Banner Elk,Banner Elk,4.4,Errand/Supplies
07-17-2016  11:23,07-17-2016  11:50,Personal,Banner Elk,Boone,15.1,Charity ($)
07-17-2016  12:20,07-17-2016  15:25,Personal,Boone,Cary,180.2,Commute
07-18-2016  10:37,07-18-2016  10:49,Personal,Cary,Morrisville,4.1,Moving
07-18-2016  10:54,07-18-2016  11:15,Personal,Morrisville,Cary,6.1,Moving
07-18-2016  11:25,07-18-2016  11:36,Personal,Northwoods,Preston,3.3,Moving
07-18-2016  11:40,07-18-2016  11:56,Personal,Preston,Whitebridge,4.7,Moving
07-18-2016  17:12,07-18-2016  17:33,Business,Cary,Apex,7.2,Meeting
07-18-2016  18:32,07-18-2016  18:47,Business,Apex,Cary,5.5,Meal/Entertain
07-18-2016  19:07,07-18-2016  19:14,Business,Cary,Morrisville,3.3,Meal/Entertain
07-18-2016  20:28,07-18-2016  20:32,Business,Hazelwood,Weston,0.9,Errand/Supplies
07-18-2016  21:11,07-18-2016  21:19,Business,Morrisville,Cary,3.8,Meal/Entertain
07-19-2016  10:35,07-19-2016  10:51,Business,Whitebridge,Stonewater,6.4,Customer Visit
07-19-2016  10:56,07-19-2016  11:11,Business,Stonewater,Lexington Park at Amberly,3,Meeting
07-19-2016  11:30,07-19-2016  12:00,Business,Lexington Park at Amberly,Whitebridge,8.7,Meal/Entertain
07-19-2016  17:14,07-19-2016  17:24,Business,Whitebridge,Chessington,3.9,Errand/Supplies
07-19-2016  17:50,07-19-2016  18:08,Personal,Chessington,Whitebridge,4.8,
07-20-2016  17:12,07-20-2016  17:24,Personal,Whitebridge,Edgehill Farms,2.8,
07-20-2016  17:50,07-20-2016  17:57,Personal,Edgehill Farms,Preston,1.4,
07-20-2016  18:16,07-20-2016  18:20,Personal,Preston,Whitebridge,1.4,
07-21-2016  17:17,07-21-2016  17:23,Business,Whitebridge,Edgehill Farms,2.7,
07-21-2016  17:42,07-21-2016  17:51,Business,Edgehill Farms,Burtrose,2.3,
07-21-2016  18:27,07-21-2016  18:42,Business,Cary,Morrisville,3.7,
07-21-2016  19:30,07-21-2016  19:39,Business,Morrisville,Cary,2.9,
07-22-2016  10:42,07-22-2016  10:53,Business,Cary,Morrisville,3.8,
07-22-2016  11:11,07-22-2016  11:25,Business,Morrisville,Cary,5.1,
07-22-2016  11:37,07-22-2016  12:00,Business,Hazelwood,Lexington Park at Amberly,9.1,
07-22-2016  12:14,07-22-2016  12:31,Business,Cary,Durham,8,
07-22-2016  13:21,07-22-2016  13:42,Business,Durham,Cary,9.9,Meeting
07-22-2016  14:27,07-22-2016  14:43,Business,Cary,Morrisville,6.1,Meal/Entertain
07-22-2016  15:49,07-22-2016  16:22,Business,Morrisville,Cary,12.2,
07-22-2016  18:33,07-22-2016  18:51,Business,Wayne Ridge,Whitebridge,8,
07-23-2016  14:27,07-23-2016  14:44,Business,Cary,Morrisville,4,
07-23-2016  14:48,07-23-2016  15:12,Business,Morrisville,Cary,9.5,
07-23-2016  15:15,07-23-2016  15:27,Business,Cary,Morrisville,3,
07-23-2016  15:50,07-23-2016  16:10,Business,Morrisville,Cary,6.3,
07-23-2016  20:17,07-23-2016  20:33,Business,Cary,Durham,10.4,Meeting
07-23-2016  23:18,07-23-2016  23:43,Business,Durham,Cary,9.9,Meeting
07-25-2016  10:35,07-25-2016  10:41,Business,Whitebridge,Parkway,1.5,
07-25-2016  10:47,07-25-2016  10:58,Business,Cary,Morrisville,4.9,
07-25-2016  11:04,07-25-2016  11:33,Business,Morrisville,Cary,7.9,
07-25-2016  11:37,07-25-2016  11:44,Business,Parkway,Whitebridge,1.7,
07-26-2016  15:43,07-26-2016  15:49,Business,Whitebridge,Westpark Place,2.2,
07-26-2016  17:14,07-26-2016  17:24,Business,Westpark Place,Whitebridge,2.1,
07-26-2016  20:52,07-26-2016  21:00,Business,Cary,Morrisville,2.5,Meal/Entertain
07-26-2016  22:31,07-26-2016  22:39,Business,Morrisville,Cary,2.5,Meal/Entertain
07-27-2016  19:08,07-27-2016  19:20,Business,Cary,Morrisville,2.8,
07-27-2016  21:34,07-27-2016  21:57,Business,Morrisville,Raleigh,14.7,
07-27-2016  22:00,07-27-2016  22:26,Business,Raleigh,Morrisville,14.6,
07-28-2016  00:04,07-28-2016  00:09,Business,Morrisville,Cary,2.3,
07-29-2016  15:45,07-29-2016  15:47,Business,Whitebridge,Westpark Place,2.2,
07-29-2016  17:27,07-29-2016  17:45,Business,Westpark Place,Whitebridge,2.2,Meal/Entertain
07-30-2016  17:02,07-30-2016  17:27,Business,Cary,Durham,14,
07-30-2016  21:16,07-30-2016  21:41,Business,Durham,Cary,13.3,
07-31-2016  17:30,07-31-2016  17:37,Business,Westpark Place,Whitebridge,1.8,
08-01-2016  12:47,08-01-2016  13:04,Business,Whitebridge,Arlington Park at Amberly,6.2,
08-01-2016  13:08,08-01-2016  13:19,Business,Arlington Park at Amberly,Lexington Park at Amberly,1.3,
08-01-2016  13:28,08-01-2016  13:46,Business,Lexington Park at Amberly,Westpark Place,1.9,
08-01-2016  13:52,08-01-2016  14:14,Business,Cary,Apex,6.9,
08-01-2016  15:40,08-01-2016  15:47,Business,Apex,Cary,4.6,
08-01-2016  16:18,08-01-2016  16:25,Business,Whitebridge,Edgehill Farms,2.8,
08-01-2016  16:29,08-01-2016  16:59,Business,Cary,Morrisville,9.1,
08-01-2016  17:23,08-01-2016  17:55,Business,Morrisville,Cary,8.1,
08-02-2016  08:11,08-02-2016  08:32,Business,Cary,Morrisville,8.4,Meeting
08-02-2016  11:51,08-02-2016  12:15,Business,Arlington,Washington,4.9,
08-02-2016  19:15,08-02-2016  19:23,Business,Kalorama Triangle,K Street,1,
08-02-2016  21:23,08-02-2016  21:29,Business,K Street,Kalorama Triangle,1,
08-03-2016  12:46,08-03-2016  13:00,Business,West End,Northwest Rectangle,2,
08-03-2016  14:59,08-03-2016  15:03,Business,K Street,Kalorama Triangle,1.1,
08-03-2016  16:00,08-03-2016  16:04,Business,Kalorama Triangle,Downtown,1.5,
08-05-2016  17:23,08-05-2016  17:30,Business,Connecticut Avenue,Kalorama Triangle,1.3,
08-05-2016  18:17,08-05-2016  18:21,Business,Kalorama Triangle,Columbia Heights,1.8,
08-05-2016  19:17,08-05-2016  19:27,Business,Columbia Heights,Kalorama Triangle,1.5,
08-06-2016  06:40,08-06-2016  06:58,Business,Washington,Arlington,6.6,
08-06-2016  09:31,08-06-2016  09:53,Business,Morrisville,Cary,8,
08-07-2016  17:14,08-07-2016  17:23,Business,Whitebridge,Edgehill Farms,2.7,
08-07-2016  17:28,08-07-2016  17:43,Business,Edgehill Farms,Whitebridge,2.7,Customer Visit
08-07-2016  18:17,08-07-2016  18:23,Business,Cary,Morrisville,2.5,
08-07-2016  20:15,08-07-2016  20:23,Business,Morrisville,Cary,2.5,Meal/Entertain
08-08-2016  16:17,08-08-2016  16:31,Business,Whitebridge,Farmington Woods,5.2,
08-08-2016  16:37,08-08-2016  16:50,Business,Farmington Woods,Edgehill Farms,4,
08-08-2016  17:02,08-08-2016  17:13,Business,Edgehill Farms,Whitebridge,2.7,Customer Visit
08-08-2016  21:50,08-08-2016  22:15,Business,Cary,Morrisville,4.8,
08-08-2016  23:28,08-08-2016  23:37,Business,Morrisville,Cary,3.2,Customer Visit
08-09-2016  14:20,08-09-2016  14:38,Business,Whitebridge,Waverly Place,6.9,
08-09-2016  15:15,08-09-2016  15:36,Business,Cary,Raleigh,14.9,
08-09-2016  16:04,08-09-2016  16:37,Business,Raleigh,Cary,17.4,
08-10-2016  16:56,08-10-2016  17:24,Business,Cary,Durham,12.9,
08-10-2016  17:53,08-10-2016  18:28,Business,Durham,Apex,15.3,
08-10-2016  18:49,08-10-2016  18:50,Business,Apex,Apex,1,
08-10-2016  19:47,08-10-2016  20:02,Business,Apex,Cary,6,
08-11-2016  12:53,08-11-2016  13:00,Business,Whitebridge,Heritage Pines,2.2,
08-11-2016  13:14,08-11-2016  13:28,Business,Heritage Pines,Edgehill Farms,4.4,
08-11-2016  13:32,08-11-2016  13:42,Business,Edgehill Farms,Whitebridge,2.8,
08-11-2016  18:37,08-11-2016  19:29,Business,Cary,Wake Forest,31.7,
08-11-2016  20:59,08-11-2016  21:44,Business,Wake Forest,Cary,31.9,
08-12-2016  18:49,08-12-2016  18:52,Business,Whitebridge,Westpark Place,1.9,
08-12-2016  18:56,08-12-2016  19:05,Business,Westpark Place,Whitebridge,1.8,
08-13-2016  15:35,08-13-2016  15:58,Business,Cary,Morrisville,8.4,Meeting
08-15-2016  09:05,08-15-2016  09:52,Business,R?walpindi,Unknown Location,15.6,
08-15-2016  15:20,08-15-2016  15:47,Business,Unknown Location,Unknown Location,14.1,
08-15-2016  16:52,08-15-2016  17:30,Business,Unknown Location,Unknown Location,15.7,
08-15-2016  19:08,08-15-2016  20:30,Business,Unknown Location,Unknown Location,25.9,Temporary Site
08-16-2016  07:58,08-16-2016  08:11,Business,Unknown Location,Unknown Location,7.9,
08-16-2016  08:16,08-16-2016  08:23,Business,Unknown Location,Unknown Location,2.7,
08-16-2016  08:46,08-16-2016  08:53,Business,Unknown Location,Unknown Location,5.5,
08-16-2016  10:06,08-16-2016  10:27,Business,Unknown Location,Islamabad,5.7,
08-16-2016  10:31,08-16-2016  10:38,Business,Islamabad,Islamabad,1.2,
08-16-2016  11:47,08-16-2016  12:03,Business,Islamabad,Unknown Location,5.7,Temporary Site
08-16-2016  15:13,08-16-2016  15:36,Business,Unknown Location,Unknown Location,16.2,
08-17-2016  10:17,08-17-2016  10:41,Business,Unknown Location,Unknown Location,2.6,
08-17-2016  10:57,08-17-2016  11:20,Business,Unknown Location,Unknown Location,12.1,
08-17-2016  14:45,08-17-2016  14:50,Business,Unknown Location,R?walpindi,1.4,
08-17-2016  15:32,08-17-2016  15:47,Business,R?walpindi,Islamabad,6.4,
08-17-2016  16:29,08-17-2016  16:50,Business,Islamabad,Unknown Location,7.3,
08-17-2016  16:54,08-17-2016  17:00,Business,Unknown Location,Unknown Location,5.3,
08-17-2016  17:05,08-17-2016  17:34,Business,Unknown Location,Unknown Location,5.5,
08-17-2016  18:38,08-17-2016  18:57,Business,Unknown Location,Unknown Location,7.7,Temporary Site
08-18-2016  18:40,08-18-2016  19:07,Business,Unknown Location,Unknown Location,7.6,Temporary Site
08-19-2016  08:24,08-19-2016  08:45,Business,Unknown Location,Noorpur Shahan,7.6,
08-19-2016  08:54,08-19-2016  09:07,Business,Noorpur Shahan,Islamabad,3.3,
08-19-2016  09:27,08-19-2016  09:47,Business,Islamabad,R?walpindi,6.5,
08-19-2016  10:57,08-19-2016  11:06,Business,R?walpindi,Unknown Location,2,
08-19-2016  12:07,08-19-2016  12:24,Business,Unknown Location,Islamabad,5.7,
08-19-2016  15:51,08-19-2016  16:06,Business,Islamabad,Islamabad,3.2,
08-19-2016  17:12,08-19-2016  17:52,Business,Islamabad,Unknown Location,12.5,
08-21-2016  10:00,08-21-2016  10:29,Business,Unknown Location,Unknown Location,7.6,Airport/Travel
08-21-2016  14:05,08-21-2016  14:34,Business,Unknown Location,Unknown Location,7.7,
08-21-2016  16:30,08-21-2016  17:02,Business,Unknown Location,Islamabad,12.2,
08-21-2016  18:10,08-21-2016  18:17,Business,Islamabad,Islamabad,1.4,
08-21-2016  18:48,08-21-2016  19:24,Business,Islamabad,Unknown Location,20.2,
08-22-2016  10:00,08-22-2016  10:44,Business,Unknown Location,Islamabad,9.8,
08-22-2016  11:07,08-22-2016  11:23,Business,Islamabad,Unknown Location,6.3,
08-22-2016  12:36,08-22-2016  12:49,Business,Unknown Location,Islamabad,4.9,
08-22-2016  13:02,08-22-2016  13:11,Business,Islamabad,Islamabad,1.5,
08-22-2016  14:07,08-22-2016  14:31,Business,Islamabad,Unknown Location,10.9,
08-22-2016  15:14,08-22-2016  15:49,Business,Unknown Location,Unknown Location,19,
08-22-2016  15:59,08-22-2016  17:16,Business,Unknown Location,Unknown Location,19,
08-22-2016  19:58,08-22-2016  20:50,Business,Unknown Location,R?walpindi,7.9,
08-22-2016  20:53,08-22-2016  21:31,Business,R?walpindi,R?walpindi,4.1,
08-22-2016  22:31,08-22-2016  23:00,Business,R?walpindi,Unknown Location,18.7,
08-23-2016  08:10,08-23-2016  08:25,Business,Unknown Location,Noorpur Shahan,8.7,
08-23-2016  09:35,08-23-2016  10:09,Business,Noorpur Shahan,Unknown Location,7.5,
08-23-2016  12:59,08-23-2016  13:15,Business,Unknown Location,Noorpur Shahan,7.7,
08-23-2016  13:19,08-23-2016  13:30,Business,Noorpur Shahan,Islamabad,4.4,
08-23-2016  13:49,08-23-2016  14:04,Business,Islamabad,Unknown Location,5,
08-23-2016  15:07,08-23-2016  15:12,Business,Unknown Location,Unknown Location,1.9,
08-23-2016  15:15,08-23-2016  17:16,Business,Unknown Location,Unknown Location,7.9,
08-23-2016  17:42,08-23-2016  18:31,Business,Unknown Location,Unknown Location,17.7,
08-24-2016  12:05,08-24-2016  12:56,Business,Unknown Location,Unknown Location,25.2,
08-24-2016  13:01,08-24-2016  15:25,Business,Unknown Location,Unknown Location,96.2,
08-25-2016  15:17,08-25-2016  16:22,Business,Unknown Location,Unknown Location,35,
08-25-2016  16:36,08-25-2016  16:56,Business,Unknown Location,Unknown Location,5.5,
08-25-2016  17:19,08-25-2016  19:20,Business,Unknown Location,Unknown Location,50.4,
08-25-2016  19:25,08-25-2016  19:57,Business,Unknown Location,Lahore,9.2,
08-25-2016  22:58,08-25-2016  23:16,Business,Lahore,Unknown Location,7.3,
08-26-2016  09:06,08-26-2016  09:20,Business,Unknown Location,Unknown Location,5,
08-26-2016  11:14,08-26-2016  11:26,Business,Unknown Location,Unknown Location,3.8,
08-26-2016  12:10,08-26-2016  12:20,Business,Unknown Location,Lahore,3.9,
08-26-2016  14:10,08-26-2016  14:33,Business,Lahore,Lahore,7.4,
08-26-2016  15:23,08-26-2016  15:35,Business,Lahore,Lahore,1.5,
08-26-2016  15:59,08-26-2016  16:24,Business,Lahore,Unknown Location,7.9,
08-26-2016  16:55,08-26-2016  17:12,Business,Unknown Location,Lahore,2.9,
08-26-2016  18:42,08-26-2016  18:56,Business,Lahore,Lahore,3.4,
08-26-2016  19:31,08-26-2016  19:54,Business,Lahore,Lahore,3.8,
08-26-2016  20:06,08-26-2016  20:16,Business,Lahore,Unknown Location,5.9,
08-27-2016  09:34,08-27-2016  10:11,Business,Unknown Location,Lahore,9.6,
08-27-2016  11:47,08-27-2016  12:06,Business,Lahore,Lahore,7,
08-27-2016  12:12,08-27-2016  12:17,Business,Lahore,Lahore,0.9,
08-27-2016  14:01,08-27-2016  15:44,Business,Lahore,Unknown Location,86.6,
08-27-2016  16:15,08-27-2016  19:13,Business,Unknown Location,Unknown Location,156.9,
08-28-2016  09:57,08-28-2016  10:18,Business,Unknown Location,Noorpur Shahan,10.1,
08-28-2016  16:39,08-28-2016  16:55,Business,Noorpur Shahan,Islamabad,6.2,
08-28-2016  17:37,08-28-2016  17:55,Business,Islamabad,Islamabad,5.3,
08-28-2016  21:15,08-28-2016  21:59,Business,Islamabad,Unknown Location,12.1,
08-29-2016  12:02,08-29-2016  12:31,Business,Unknown Location,Islamabad,10.8,
08-29-2016  13:38,08-29-2016  13:48,Business,Islamabad,Islamabad,4.3,
08-29-2016  14:31,08-29-2016  14:41,Business,Islamabad,Islamabad,2.5,
08-29-2016  14:49,08-29-2016  15:04,Business,Islamabad,Unknown Location,5.7,Temporary Site
08-29-2016  15:49,08-29-2016  15:59,Business,Unknown Location,Islamabad,2.8,
08-29-2016  16:06,08-29-2016  16:21,Business,Islamabad,Unknown Location,4,
08-29-2016  17:24,08-29-2016  17:41,Business,Unknown Location,Islamabad,5.5,
08-29-2016  18:27,08-29-2016  18:36,Business,Islamabad,Islamabad,2.6,
08-30-2016  11:53,08-30-2016  12:05,Business,Unknown Location,Unknown Location,2.1,
08-30-2016  12:46,08-30-2016  13:09,Business,Unknown Location,Islamabad,8.8,
08-30-2016  13:25,08-30-2016  13:46,Business,Islamabad,Islamabad,4.4,
08-30-2016  14:00,08-30-2016  14:20,Business,Islamabad,Unknown Location,5.3,
08-30-2016  17:27,08-30-2016  18:09,Business,Unknown Location,Unknown Location,13,
09-01-2016  11:51,09-01-2016  12:24,Business,Unknown Location,Islamabad,13,
09-01-2016  17:21,09-01-2016  17:36,Business,Islamabad,Unknown Location,10.6,
09-01-2016  18:49,09-01-2016  19:08,Business,Unknown Location,Unknown Location,2.2,
09-02-2016  11:37,09-02-2016  12:24,Business,Unknown Location,Islamabad,9.2,
09-02-2016  18:56,09-02-2016  19:37,Business,Unknown Location,Unknown Location,12.9,
09-05-2016  10:25,09-05-2016  10:44,Business,Unknown Location,R?walpindi,17.2,
09-06-2016  17:49,09-06-2016  17:49,Business,Unknown Location,Unknown Location,69.1,
09-10-2016  10:28,09-10-2016  10:45,Business,Unknown Location,Unknown Location,2.8,
09-11-2016  09:51,09-11-2016  09:55,Business,Unknown Location,Unknown Location,8.6,
09-11-2016  21:40,09-11-2016  21:42,Business,Unknown Location,Unknown Location,9.8,
09-12-2016  08:07,09-12-2016  08:12,Business,Unknown Location,Unknown Location,3.6,
09-12-2016  11:15,09-12-2016  11:24,Business,Unknown Location,Unknown Location,1.7,
09-12-2016  13:04,09-12-2016  13:44,Business,Unknown Location,Unknown Location,11.5,
09-13-2016  16:56,09-13-2016  17:02,Business,Unknown Location,Unknown Location,0.7,
09-14-2016  11:55,09-14-2016  11:59,Business,Unknown Location,Unknown Location,0.7,
09-15-2016  20:33,09-15-2016  20:38,Business,Unknown Location,Unknown Location,0.9,
09-16-2016  07:08,09-16-2016  07:08,Business,Unknown Location,Unknown Location,1.6,
09-18-2016  18:07,09-18-2016  18:11,Business,Unknown Location,Unknown Location,9.4,
09-19-2016  06:18,09-19-2016  06:49,Business,R?walpindi,Unknown Location,18.2,
09-19-2016  14:40,09-19-2016  14:56,Business,Unknown Location,Islamabad,10.5,
09-19-2016  16:23,09-19-2016  16:31,Business,Islamabad,Unknown Location,5.7,
09-19-2016  17:36,09-19-2016  18:20,Business,Unknown Location,Unknown Location,18,
09-19-2016  19:10,09-19-2016  19:49,Business,Unknown Location,Islamabad,18.3,
09-20-2016  11:29,09-20-2016  11:48,Business,Islamabad,Unknown Location,16.5,
09-20-2016  20:47,09-20-2016  22:47,Business,Unknown Location,R?walpindi,9.6,
09-23-2016  13:15,09-23-2016  13:40,Business,Karachi,Karachi,2.9,
09-24-2016  14:34,09-24-2016  15:15,Business,Karachi,Unknown Location,8.2,
09-24-2016  20:29,09-24-2016  20:33,Business,Unknown Location,Unknown Location,2.4,
09-27-2016  08:33,09-27-2016  08:35,Business,Unknown Location,Unknown Location,5.8,
09-27-2016  13:21,09-27-2016  14:43,Business,Lahore,Lahore,9.8,
09-27-2016  19:14,09-27-2016  20:34,Business,Lahore,Unknown Location,7.3,
09-27-2016  21:01,09-28-2016  02:37,Business,Unknown Location,Unknown Location,195.6,
09-28-2016  17:21,09-28-2016  19:36,Business,Islamabad,Unknown Location,20.5,
09-29-2016  16:13,09-29-2016  18:47,Business,Unknown Location,Islamabad,12.6,
09-30-2016  17:39,09-30-2016  20:20,Business,Islamabad,Islamabad,37.7,
09-30-2016  20:59,09-30-2016  22:34,Business,Islamabad,Unknown Location,16.7,
10-03-2016  17:09,10-03-2016  17:12,Business,Unknown Location,Islamabad,10.5,
10-03-2016  18:17,10-03-2016  18:34,Business,Islamabad,Islamabad,2.8,
10-03-2016  18:51,10-03-2016  19:01,Business,Islamabad,Islamabad,1.6,
10-03-2016  22:04,10-03-2016  22:33,Business,Islamabad,Unknown Location,12.7,
10-04-2016  09:50,10-04-2016  10:52,Business,Unknown Location,Unknown Location,28.6,
10-04-2016  12:17,10-04-2016  12:18,Business,Unknown Location,Unknown Location,15.1,
10-06-2016  08:49,10-06-2016  11:36,Business,Unknown Location,R?walpindi,17.9,
10-06-2016  17:23,10-06-2016  17:40,Business,R?walpindi,Unknown Location,112.6,
10-06-2016  18:37,10-06-2016  18:39,Business,Unknown Location,Unknown Location,18.4,
10-06-2016  19:46,10-06-2016  20:26,Business,Unknown Location,Unknown Location,13.8,
10-07-2016  10:56,10-07-2016  10:59,Business,Unknown Location,Lahore,33.2,
10-07-2016  11:27,10-07-2016  11:50,Business,Lahore,Lahore,2.6,
10-07-2016  13:52,10-07-2016  14:08,Business,Lahore,Unknown Location,5.8,
10-07-2016  14:29,10-07-2016  15:11,Business,Unknown Location,Lahore,8.3,
10-07-2016  15:47,10-07-2016  16:02,Business,Lahore,Lahore,2.4,
10-07-2016  18:08,10-07-2016  18:27,Business,Lahore,Lahore,3.1,
10-07-2016  18:33,10-07-2016  19:01,Business,Lahore,Lahore,6.1,
10-08-2016  15:03,10-08-2016  15:03,Business,Karachi,Karachi,3.6,
10-08-2016  18:15,10-08-2016  18:18,Business,Karachi,Unknown Location,8,
10-09-2016  14:04,10-09-2016  14:23,Business,Unknown Location,Unknown Location,7.7,Temporary Site
10-10-2016  17:22,10-10-2016  17:28,Business,Islamabad,Islamabad,1.7,
10-10-2016  17:33,10-10-2016  18:13,Business,Islamabad,Unknown Location,9.5,
10-11-2016  01:27,10-11-2016  02:08,Business,Unknown Location,R?walpindi,17.1,Meeting
10-12-2016  19:18,10-12-2016  19:21,Business,R?walpindi,Unknown Location,18.4,
10-13-2016  11:20,10-13-2016  11:58,Business,Unknown Location,Islamabad,9.8,
10-13-2016  12:08,10-13-2016  12:14,Business,Islamabad,Islamabad,1,
10-13-2016  13:02,10-13-2016  13:02,Business,Islamabad,Islamabad,0.7,
10-13-2016  13:37,10-13-2016  13:46,Business,Islamabad,Islamabad,2.3,
10-13-2016  16:08,10-13-2016  16:53,Business,Islamabad,Unknown Location,10.9,
10-14-2016  08:50,10-14-2016  09:44,Business,Unknown Location,R?walpindi,12.7,
10-14-2016  10:16,10-14-2016  10:52,Business,R?walpindi,Unknown Location,12.4,
10-14-2016  15:56,10-14-2016  16:20,Business,Unknown Location,Unknown Location,3.8,
10-14-2016  23:54,10-15-2016  02:06,Business,Unknown Location,R?walpindi,17,Meeting
10-15-2016  22:28,10-15-2016  22:48,Business,Morrisville,Morrisville,6.2,
10-16-2016  00:01,10-16-2016  00:14,Business,Morrisville,Cary,3.1,
10-16-2016  12:52,10-16-2016  13:11,Business,Cary,Durham,10.5,Meeting
10-16-2016  14:40,10-16-2016  15:01,Business,Durham,Morrisville,8.1,
10-16-2016  15:10,10-16-2016  15:19,Business,Morrisville,Cary,3.1,
10-16-2016  19:27,10-16-2016  19:33,Business,Whitebridge,Parkway,2.1,Meeting
10-16-2016  20:30,10-16-2016  20:39,Business,Cary,Morrisville,4.3,
10-16-2016  21:34,10-16-2016  21:41,Business,Morrisville,Cary,2.5,Meal/Entertain
10-17-2016  15:19,10-17-2016  15:57,Business,Cary,Raleigh,20.6,
10-17-2016  16:29,10-17-2016  17:11,Business,Raleigh,Cary,17.6,
10-17-2016  18:02,10-17-2016  18:16,Business,Cary,Apex,5.6,
10-17-2016  18:31,10-17-2016  18:45,Business,Apex,Apex,3.3,
10-17-2016  19:08,10-17-2016  19:25,Business,Apex,Cary,5.3,
10-18-2016  08:12,10-18-2016  08:22,Business,Whitebridge,Edgehill Farms,3.3,
10-18-2016  08:53,10-18-2016  09:02,Business,Edgehill Farms,Whitebridge,3.3,
10-18-2016  10:41,10-18-2016  11:09,Business,Cary,Morrisville,7.9,Temporary Site
10-18-2016  18:12,10-18-2016  18:33,Business,Oakland,Emeryville,13,
10-18-2016  19:03,10-18-2016  19:13,Business,Emeryville,Berkeley,3,
10-18-2016  20:31,10-18-2016  20:37,Business,Berkeley,Emeryville,3,
10-19-2016  09:33,10-19-2016  09:47,Business,Emeryville,Oakland,3.8,
10-19-2016  09:54,10-19-2016  10:21,Business,Oakland,San Francisco,9.5,
10-19-2016  13:45,10-19-2016  13:56,Business,SOMISSPO,French Quarter,1.7,
10-19-2016  14:02,10-19-2016  14:31,Business,San Francisco,Berkeley,10.8,
10-19-2016  15:44,10-19-2016  16:02,Business,West Berkeley,North Berkeley Hills,4.1,
10-19-2016  16:06,10-19-2016  16:19,Business,North Berkeley Hills,Southside,2.2,
10-19-2016  16:33,10-19-2016  17:01,Business,Berkeley,Emeryville,4.6,
10-20-2016  11:26,10-20-2016  11:34,Business,Emeryville,Berkeley,3.1,
10-20-2016  12:19,10-20-2016  13:17,Business,Berkeley,San Jose,47.7,
10-20-2016  20:44,10-20-2016  21:37,Business,San Jose,Emeryville,44.6,
10-21-2016  10:06,10-21-2016  10:21,Business,Emeryville,Oakland,13.2,
10-22-2016  00:54,10-22-2016  01:09,Business,Morrisville,Cary,8.7,
10-22-2016  13:26,10-22-2016  14:03,Business,Cary,Raleigh,17.2,
10-22-2016  17:08,10-22-2016  17:55,Business,Raleigh,Cary,14,
10-23-2016  09:24,10-23-2016  10:05,Business,Cary,Raleigh,28.1,
10-23-2016  12:17,10-23-2016  12:59,Business,Raleigh,Cary,28.2,
10-23-2016  19:04,10-23-2016  19:14,Business,Cary,Morrisville,3.1,Meal/Entertain
10-23-2016  21:10,10-23-2016  21:25,Business,Morrisville,Cary,3.1,Customer Visit
10-24-2016  14:57,10-24-2016  15:26,Business,Cary,Durham,16.4,
10-24-2016  15:33,10-24-2016  16:13,Business,Durham,Morrisville,15.4,
10-24-2016  16:34,10-24-2016  16:41,Business,Morrisville,Cary,2.2,
10-25-2016  13:27,10-25-2016  14:08,Business,Cary,Apex,11.2,
10-25-2016  15:04,10-25-2016  15:11,Business,Apex,Eagle Rock,2.2,
10-25-2016  15:16,10-25-2016  15:33,Business,Eagle Rock,Cary,3.6,
10-25-2016  20:00,10-25-2016  20:11,Business,Whitebridge,Savon Height,3.6,Meal/Entertain
10-25-2016  20:54,10-25-2016  21:03,Business,Savon Height,Parkway,4.9,
10-25-2016  22:24,10-25-2016  22:45,Business,Parkway,Whitebridge,8.7,Errand/Supplies
10-26-2016  19:25,10-26-2016  19:31,Business,Whitebridge,Parkway,2.1,Meeting
10-26-2016  20:53,10-26-2016  21:03,Business,Parkway,Whitebridge,2.1,
10-27-2016  18:51,10-27-2016  19:16,Business,Cary,Morrisville,8.4,Meeting
10-27-2016  19:20,10-27-2016  19:35,Business,Morrisville,Morrisville,5.9,
10-27-2016  19:52,10-27-2016  20:21,Business,Huntington Woods,Huntington Woods,12.1,
10-27-2016  20:47,10-27-2016  20:54,Business,Huntington Woods,Weston,3.9,
10-27-2016  21:26,10-27-2016  21:48,Business,Morrisville,Cary,6.2,
10-28-2016  11:34,10-28-2016  11:52,Business,Cary,Durham,10.4,Meeting
10-28-2016  13:06,10-28-2016  13:36,Business,Durham,Cary,9.9,Meeting
10-28-2016  15:53,10-28-2016  17:59,Business,Cary,Winston Salem,107,Meeting
10-28-2016  18:13,10-28-2016  20:07,Business,Winston Salem,Asheville,133.6,Meeting
10-28-2016  20:13,10-28-2016  22:00,Business,Asheville,Topton,91.8,Meeting
10-29-2016  15:22,10-29-2016  17:05,Business,Topton,Hayesville,40.7,Meeting
10-29-2016  17:13,10-29-2016  19:19,Business,Hayesville,Topton,75.7,
10-30-2016  07:49,10-30-2016  08:30,Business,Topton,Bryson City,29.8,
10-30-2016  09:07,10-30-2016  10:09,Business,Bryson City,Bryson City,16.3,
10-30-2016  10:11,10-30-2016  10:38,Business,Bryson City,Bryson City,6.5,
10-30-2016  10:51,10-30-2016  11:21,Business,Bryson City,Bryson City,6.3,
10-30-2016  12:24,10-30-2016  12:35,Business,Bryson City,Almond,6.6,
10-30-2016  12:58,10-30-2016  13:18,Business,Almond,Bryson City,15.2,
10-30-2016  13:24,10-30-2016  14:37,Business,Bryson City,Asheville,68.4,
10-30-2016  15:22,10-30-2016  18:23,Business,Asheville,Mebane,195.9,
10-30-2016  18:26,10-30-2016  19:39,Business,Mebane,Cary,45.2,
10-31-2016  18:11,10-31-2016  18:20,Business,Cary,Morrisville,3.2,
10-31-2016  18:47,10-31-2016  19:16,Business,Morrisville,Raleigh,10.3,
10-31-2016  20:18,10-31-2016  20:44,Business,Raleigh,Cary,13.1,
10-31-2016  21:45,10-31-2016  22:10,Business,Savon Height,Whitebridge,9.6,Errand/Supplies
11-01-2016  11:50,11-01-2016  12:27,Business,Cary,Durham,16.5,
11-01-2016  16:29,11-01-2016  17:02,Business,Durham,Cary,12.8,
11-01-2016  17:35,11-01-2016  17:42,Business,Whitebridge,Whitebridge,1.2,
11-01-2016  19:14,11-01-2016  19:20,Business,Whitebridge,Whitebridge,1,
11-01-2016  19:59,11-01-2016  20:12,Business,Whitebridge,Whitebridge,4.1,
11-01-2016  20:41,11-01-2016  20:55,Business,Whitebridge,Whitebridge,4.2,Meal/Entertain
11-02-2016  15:10,11-02-2016  15:18,Business,Whitebridge,Westpark Place,1.4,
11-02-2016  15:45,11-02-2016  15:52,Business,Westpark Place,Whitebridge,1.8,
11-02-2016  16:46,11-02-2016  17:11,Business,Cary,Morrisville,8.5,Meeting
11-02-2016  17:34,11-02-2016  17:49,Business,Morrisville,Morrisville,5,
11-02-2016  17:53,11-02-2016  18:00,Business,Morrisville,Cary,3.8,
11-03-2016  11:28,11-03-2016  11:34,Business,Whitebridge,Hazelwood,2.5,
11-03-2016  12:43,11-03-2016  12:49,Business,Hazelwood,Whitebridge,2.4,
11-03-2016  13:42,11-03-2016  13:47,Business,Whitebridge,Westpark Place,1.4,
11-03-2016  14:13,11-03-2016  14:26,Business,Westpark Place,Whitebridge,1.8,
11-03-2016  18:51,11-03-2016  19:08,Business,Cary,Morrisville,3.1,Meal/Entertain
11-03-2016  22:46,11-03-2016  22:58,Business,Morrisville,Cary,3.1,Customer Visit
11-04-2016  10:02,11-04-2016  10:18,Business,Cary,Morrisville,7.9,Temporary Site
11-04-2016  18:14,11-04-2016  18:21,Business,San Jose,Santa Clara,3.8,
11-04-2016  21:04,11-04-2016  21:20,Business,Agnew,Cory,4.3,
11-04-2016  22:12,11-04-2016  22:25,Business,Cory,Agnew,3.9,
11-05-2016  08:34,11-05-2016  08:43,Business,Agnew,Renaissance,2.2,
11-05-2016  17:29,11-05-2016  17:40,Business,Renaissance,Agnew,2.8,
11-05-2016  19:20,11-05-2016  19:28,Business,Agnew,Agnew,2.2,
11-06-2016  10:50,11-06-2016  11:04,Business,Agnew,Renaissance,2.4,
11-06-2016  16:05,11-06-2016  16:22,Business,Renaissance,Agnew,2.8,Meeting
11-06-2016  16:27,11-06-2016  17:28,Business,Santa Clara,Berkeley,43.9,Customer Visit
11-06-2016  19:04,11-06-2016  19:12,Business,Downtown,West Berkeley,1.8,
11-06-2016  20:06,11-06-2016  20:21,Business,West Berkeley,Central,3.3,
11-07-2016  12:28,11-07-2016  12:57,Business,Berkeley,San Francisco,11.8,Between Offices
11-07-2016  19:17,11-07-2016  19:57,Business,San Francisco,Berkeley,13.2,Between Offices
11-08-2016  10:29,11-08-2016  10:57,Business,Berkeley,San Francisco,12.2,Between Offices
11-08-2016  12:16,11-08-2016  12:49,Business,San Francisco,Berkeley,11.3,Meeting
11-08-2016  13:41,11-08-2016  14:01,Business,Berkeley,Emeryville,3.6,
11-08-2016  16:21,11-08-2016  16:34,Business,Emeryville,Berkeley,3,
11-09-2016  13:08,11-09-2016  13:41,Business,Berkeley,San Francisco,11.4,
11-09-2016  15:58,11-09-2016  16:04,Business,NOMA,Downtown,0.9,
11-09-2016  17:31,11-09-2016  18:03,Business,Downtown,Sunnyside,6.2,
11-09-2016  18:09,11-09-2016  18:14,Business,Sunnyside,Ingleside,0.7,
11-09-2016  18:21,11-09-2016  18:35,Business,Ingleside,Potrero Flats,5.5,Meeting
11-09-2016  18:40,11-09-2016  19:17,Business,San Francisco,Oakland,12.7,Customer Visit
11-09-2016  20:52,11-09-2016  21:02,Business,Oakland,Berkeley,2.6,
11-09-2016  21:56,11-09-2016  22:02,Business,Central,Central,1.1,
11-10-2016  09:46,11-10-2016  10:15,Business,Berkeley,San Francisco,12.6,Temporary Site
11-10-2016  10:20,11-10-2016  10:31,Business,Tenderloin,SOMISSPO,1.2,
11-10-2016  14:57,11-10-2016  15:07,Business,SOMISSPO,Tenderloin,1.1,
11-10-2016  15:17,11-10-2016  15:22,Business,San Francisco,Oakland,9.9,Temporary Site
11-10-2016  15:30,11-10-2016  15:53,Business,Oakland,Berkeley,6,Meeting
11-10-2016  19:18,11-10-2016  19:21,Business,West Berkeley,Central,0.8,
11-11-2016  09:35,11-11-2016  10:23,Business,Berkeley,Menlo Park,45.9,Customer Visit
11-11-2016  12:58,11-11-2016  13:13,Business,Menlo Park,Palo Alto,4,
11-11-2016  14:20,11-11-2016  14:32,Business,Palo Alto,Menlo Park,2.5,
11-11-2016  14:39,11-11-2016  15:46,Business,Menlo Park,Berkeley,36.6,Customer Visit
11-11-2016  18:30,11-11-2016  18:43,Business,Central,College Avenue,2.9,
11-11-2016  21:08,11-11-2016  21:18,Business,College Avenue,Central,2.6,
11-12-2016  10:32,11-12-2016  10:52,Business,Central,South,2.3,
11-12-2016  10:55,11-12-2016  11:25,Business,South,Downtown,6.4,
11-12-2016  13:07,11-12-2016  13:15,Business,Downtown,Central,1.4,
11-12-2016  13:46,11-12-2016  13:50,Business,Central,West Berkeley,0.6,
11-12-2016  14:22,11-12-2016  14:53,Business,West Berkeley,South,5.9,Meeting
11-12-2016  15:14,11-12-2016  15:21,Business,South,Southwest Berkeley,0.8,
11-12-2016  15:25,11-12-2016  15:36,Business,Berkeley,Emeryville,1.3,
11-12-2016  15:40,11-12-2016  15:59,Business,Emeryville,Berkeley,3.7,Errand/Supplies
11-13-2016  08:54,11-13-2016  09:02,Business,Central,Central,2.3,
11-13-2016  09:27,11-13-2016  09:53,Business,Central,Central,2.6,
11-13-2016  10:31,11-13-2016  10:37,Business,Central,Southside,1.9,
11-13-2016  11:04,11-13-2016  11:16,Business,Southside,West Berkeley,2.1,
11-13-2016  12:22,11-13-2016  12:51,Business,West Berkeley,Southside,4,Meeting
11-13-2016  13:05,11-13-2016  13:11,Business,Southside,South Berkeley,0.9,
11-13-2016  13:14,11-13-2016  13:18,Business,South Berkeley,Southside,0.9,
11-13-2016  14:35,11-13-2016  14:46,Business,Southside,Central,2.4,
11-13-2016  15:14,11-13-2016  15:24,Business,Central,Southside,1.9,
11-13-2016  15:47,11-13-2016  15:59,Business,Southside,Central,1.9,
11-14-2016  11:24,11-14-2016  12:13,Business,Berkeley,Mountain View,44.6,Customer Visit
11-14-2016  13:40,11-14-2016  14:33,Business,Mountain View,Berkeley,43.6,Customer Visit
11-14-2016  15:27,11-14-2016  15:36,Business,Berkeley,Emeryville,2.5,
11-14-2016  20:19,11-14-2016  20:30,Business,Emeryville,Berkeley,3.7,Errand/Supplies
11-15-2016  13:59,11-15-2016  14:06,Business,Berkeley,Oakland,5.1,
11-15-2016  14:09,11-15-2016  14:26,Business,Oakland,San Francisco,9.7,Temporary Site
11-15-2016  20:44,11-15-2016  21:00,Business,San Francisco,Berkeley,11.8,Temporary Site
11-16-2016  20:21,11-16-2016  20:27,Business,Berkeley,El Cerrito,2.3,Temporary Site
11-16-2016  22:52,11-16-2016  23:02,Business,El Cerrito,Berkeley,3.1,Meal/Entertain
11-17-2016  10:13,11-17-2016  10:44,Business,Berkeley,Oakland,16.3,Customer Visit
11-18-2016  20:09,11-18-2016  20:19,Business,Cary,Morrisville,3.1,Meal/Entertain
11-18-2016  21:23,11-18-2016  21:34,Business,Morrisville,Cary,5.2,Meal/Entertain
11-18-2016  21:56,11-18-2016  22:21,Business,Krendle Woods,Whitebridge,6.1,Meeting
11-19-2016  13:51,11-19-2016  14:10,Business,Cary,Durham,10.3,Meeting
11-19-2016  14:30,11-19-2016  14:51,Business,Durham,Cary,10.5,Meeting
11-19-2016  16:01,11-19-2016  16:06,Business,Cary,Cary,1.5,
11-19-2016  16:27,11-19-2016  16:41,Business,Cary,Cary,1.8,
11-19-2016  17:41,11-19-2016  17:54,Business,Cary,Apex,5.4,Errand/Supplies
11-19-2016  21:14,11-19-2016  21:35,Business,Apex,Cary,5.4,Customer Visit
11-20-2016  10:27,11-20-2016  11:32,Business,Cary,Cary,39.2,Between Offices
11-20-2016  11:58,11-20-2016  12:28,Business,Cary,Cary,6.4,Customer Visit
11-20-2016  14:58,11-20-2016  15:07,Business,Cary,Cary,2.7,Meeting
11-20-2016  17:45,11-20-2016  18:37,Business,Cary,Cary,18.5,Errand/Supplies
11-21-2016  13:37,11-21-2016  13:49,Business,Cary,Cary,2.5,Meal/Entertain
11-21-2016  14:34,11-21-2016  14:44,Business,Cary,Cary,2.1,Meal/Entertain
11-21-2016  17:50,11-21-2016  18:04,Business,Cary,Unknown Location,6.7,Errand/Supplies
11-21-2016  18:18,11-21-2016  18:27,Business,Unknown Location,Morrisville,3.5,Meal/Entertain
11-21-2016  18:43,11-21-2016  18:51,Business,Morrisville,Cary,3.4,Errand/Supplies
11-22-2016  15:12,11-22-2016  15:27,Business,Cary,Cary,5.5,Meeting
11-22-2016  15:31,11-22-2016  15:44,Business,Cary,Cary,4.1,Meeting
11-22-2016  15:51,11-22-2016  16:43,Business,Cary,Cary,12.7,Customer Visit
11-22-2016  18:18,11-22-2016  18:28,Business,Cary,Morrisville,3,Meal/Entertain
11-22-2016  21:02,11-22-2016  21:14,Business,Morrisville,Cary,3.5,Customer Visit
11-23-2016  15:34,11-23-2016  15:50,Business,Cary,Cary,5.9,Meal/Entertain
11-23-2016  16:18,11-23-2016  16:29,Business,Cary,Cary,1.9,
11-23-2016  16:49,11-23-2016  17:00,Business,Cary,Cary,3.3,
11-23-2016  18:37,11-23-2016  18:47,Business,Cary,Cary,1.3,
11-25-2016  11:47,11-25-2016  12:04,Business,Cary,Durham,10.3,Meeting
11-25-2016  13:13,11-25-2016  13:31,Business,Durham,Cary,11.1,Meeting
11-26-2016  15:54,11-26-2016  15:59,Business,Cary,Cary,1.4,
11-26-2016  17:00,11-26-2016  17:12,Business,Cary,Apex,5.1,Meeting
11-26-2016  17:36,11-26-2016  17:56,Business,Apex,Holly Springs,9,Meeting
11-26-2016  18:29,11-26-2016  19:04,Business,Holly Springs,Cary,13.3,Between Offices
11-26-2016  19:47,11-26-2016  19:54,Business,Cary,Cary,2.5,Errand/Supplies
11-27-2016  15:59,11-27-2016  16:06,Business,Cary,Morrisville,3.3,Meal/Entertain
11-27-2016  18:55,11-27-2016  19:09,Business,Morrisville,Cary,2.9,
11-30-2016  11:03,11-30-2016  11:34,Business,Cary,Raleigh,8.5,Customer Visit
11-30-2016  11:53,11-30-2016  12:35,Business,Raleigh,Morrisville,6.7,Temporary Site
11-30-2016  12:43,11-30-2016  12:53,Business,Morrisville,Cary,3.1,
12-01-2016  07:44,12-01-2016  07:59,Business,Cary,Cary,5.5,Meeting
12-01-2016  08:37,12-01-2016  08:53,Business,Cary,Cary,5.5,Errand/Supplies
12-01-2016  18:00,12-01-2016  18:12,Business,Cary,Morrisville,2.9,Meal/Entertain
12-01-2016  20:36,12-01-2016  20:46,Business,Morrisville,Cary,2.9,Customer Visit
12-02-2016  12:12,12-02-2016  12:23,Business,Cary,Apex,5.1,Meal/Entertain
12-02-2016  13:07,12-02-2016  13:22,Business,Apex,Cary,5.3,Customer Visit
12-02-2016  20:41,12-02-2016  20:48,Business,Cary,Morrisville,3.3,Meal/Entertain
12-02-2016  22:59,12-02-2016  23:07,Business,Morrisville,Cary,3,Customer Visit
12-03-2016  18:35,12-03-2016  18:56,Business,Cary,Wake Co.,6.6,Errand/Supplies
12-03-2016  19:08,12-03-2016  19:15,Business,Wake Co.,Morrisville,1.8,
12-03-2016  20:31,12-03-2016  20:41,Business,Morrisville,Cary,3,Customer Visit
12-04-2016  18:56,12-04-2016  19:03,Business,Cary,Morrisville,2.9,Meal/Entertain
12-04-2016  20:23,12-04-2016  20:34,Business,Morrisville,Cary,3.4,Customer Visit
12-05-2016  18:04,12-05-2016  18:17,Business,Cary,Cary,4.1,
12-05-2016  19:22,12-05-2016  19:37,Business,Cary,Cary,3.8,Meal/Entertain
12-07-2016  12:03,12-07-2016  12:32,Business,Cary,Cary,6.6,Meeting
12-07-2016  12:35,12-07-2016  12:46,Business,Cary,Cary,4,Meeting
12-07-2016  19:53,12-07-2016  20:13,Business,Cary,Cary,7,Customer Visit
12-07-2016  21:13,12-07-2016  21:50,Business,Cary,Cary,6.9,Meal/Entertain
12-08-2016  14:19,12-08-2016  14:32,Business,Cary,Cary,3.4,Errand/Supplies
12-08-2016  14:53,12-08-2016  15:02,Business,Cary,Cary,3.4,Errand/Supplies
12-08-2016  19:22,12-08-2016  19:27,Business,Cary,Cary,2,Meeting
12-08-2016  21:26,12-08-2016  21:31,Business,Cary,Cary,2,Errand/Supplies
12-09-2016  12:09,12-09-2016  12:24,Business,Cary,Apex,5.1,Errand/Supplies
12-09-2016  13:15,12-09-2016  13:43,Business,Apex,Cary,8.8,Temporary Site
12-09-2016  20:11,12-09-2016  20:34,Business,Cary,Cary,5.6,Meeting
12-09-2016  22:03,12-09-2016  22:57,Business,Cary,Cary,18.9,Customer Visit
12-10-2016  12:43,12-10-2016  13:16,Business,Cary,Fuquay-Varina,15.6,Meeting
12-10-2016  14:42,12-10-2016  15:18,Business,Fuquay-Varina,Cary,15.6,Errand/Supplies
12-10-2016  18:17,12-10-2016  18:27,Business,Cary,Morrisville,3,Meal/Entertain
12-10-2016  22:09,12-10-2016  22:21,Business,Morrisville,Cary,3.1,Customer Visit
12-11-2016  16:06,12-11-2016  16:16,Business,Cary,Morrisville,3,Meal/Entertain
12-11-2016  19:05,12-11-2016  19:15,Business,Morrisville,Cary,4.8,Errand/Supplies
12-11-2016  21:48,12-11-2016  21:56,Business,Cary,Cary,2.1,Errand/Supplies
12-12-2016  13:22,12-12-2016  13:32,Business,Cary,Cary,3.1,Errand/Supplies
12-12-2016  13:36,12-12-2016  13:51,Business,Cary,Apex,4.4,Meal/Entertain
12-12-2016  14:26,12-12-2016  14:39,Business,Apex,Cary,4.7,Customer Visit
12-12-2016  17:51,12-12-2016  18:01,Business,Cary,Morrisville,3,Meal/Entertain
12-12-2016  20:48,12-12-2016  20:57,Business,Morrisville,Cary,3,Customer Visit
12-13-2016  18:19,12-13-2016  18:29,Business,Cary,Cary,4.2,Errand/Supplies
12-13-2016  20:20,12-13-2016  20:29,Business,Cary,Cary,4.1,Meal/Entertain
12-14-2016  16:52,12-14-2016  17:10,Business,Cary,Cary,3.4,
12-14-2016  17:22,12-14-2016  17:34,Business,Cary,Cary,3.3,
12-14-2016  17:50,12-14-2016  18:00,Business,Cary,Morrisville,3,Meal/Entertain
12-14-2016  20:24,12-14-2016  20:40,Business,Morrisville,Cary,3.1,Customer Visit
12-15-2016  14:20,12-15-2016  14:54,Business,Cary,Morrisville,10.6,Meeting
12-17-2016  15:38,12-17-2016  16:12,Business,Unknown Location,Unknown Location,4.8,Airport/Travel
12-17-2016  17:19,12-17-2016  17:59,Business,Unknown Location,Unknown Location,5.3,Temporary Site
12-18-2016  13:03,12-18-2016  13:41,Business,Unknown Location,Unknown Location,4.9,Errand/Supplies
12-18-2016  16:38,12-18-2016  17:25,Business,Unknown Location,Unknown Location,10.2,Errand/Supplies
12-18-2016  20:35,12-18-2016  21:04,Business,Unknown Location,Unknown Location,9.2,
12-19-2016  09:08,12-19-2016  09:36,Business,Unknown Location,Islamabad,7.7,Errand/Supplies
12-19-2016  10:15,12-19-2016  10:34,Business,Islamabad,Rawalpindi,5.9,Temporary Site
12-19-2016  13:04,12-19-2016  13:08,Business,Rawalpindi,Unknown Location,0.7,Errand/Supplies
12-19-2016  13:24,12-19-2016  13:35,Business,Unknown Location,Unknown Location,1.3,
12-19-2016  14:07,12-19-2016  14:15,Business,Unknown Location,Unknown Location,2.5,
12-19-2016  14:18,12-19-2016  14:32,Business,Unknown Location,Unknown Location,5.3,
12-19-2016  14:37,12-19-2016  14:50,Business,Unknown Location,Unknown Location,5.4,
12-19-2016  15:09,12-19-2016  15:38,Business,Unknown Location,Rawalpindi,10.2,Customer Visit
12-19-2016  16:50,12-19-2016  17:09,Business,Rawalpindi,Islamabad,7.2,Customer Visit
12-19-2016  19:05,12-19-2016  19:17,Business,Islamabad,Unknown Location,2.2,
12-19-2016  19:55,12-19-2016  20:30,Business,Unknown Location,Unknown Location,11,Meeting
12-20-2016  08:49,12-20-2016  09:24,Business,Unknown Location,Rawalpindi,12,
12-20-2016  10:30,12-20-2016  10:48,Business,Rawalpindi,Rawalpindi,3.3,Errand/Supplies
12-20-2016  11:30,12-20-2016  12:17,Business,Rawalpindi,Unknown Location,19.4,Meeting
12-20-2016  13:14,12-20-2016  13:20,Business,Unknown Location,Unknown Location,1.7,Errand/Supplies
12-20-2016  13:54,12-20-2016  14:17,Business,Unknown Location,Islamabad,5.7,Temporary Site
12-20-2016  16:14,12-20-2016  16:24,Business,Islamabad,Islamabad,1.8,Errand/Supplies
12-20-2016  16:56,12-20-2016  17:07,Business,Islamabad,Islamabad,1.4,Errand/Supplies
12-20-2016  18:47,12-20-2016  19:21,Business,Islamabad,Unknown Location,10.3,Customer Visit
12-21-2016  07:42,12-21-2016  08:10,Business,Unknown Location,Unknown Location,11.5,Meeting
12-21-2016  10:14,12-21-2016  10:30,Business,Unknown Location,Islamabad,4.9,Errand/Supplies
12-21-2016  11:35,12-21-2016  11:49,Business,Islamabad,Unknown Location,3.5,Meal/Entertain
12-21-2016  12:51,12-21-2016  13:33,Business,Unknown Location,Unknown Location,16.2,Meeting
12-21-2016  15:38,12-21-2016  15:49,Business,Unknown Location,Unknown Location,2,Errand/Supplies
12-21-2016  15:55,12-21-2016  16:05,Business,Unknown Location,Islamabad,2.1,Errand/Supplies
12-21-2016  17:45,12-21-2016  17:54,Business,Islamabad,Islamabad,2.1,Meeting
12-21-2016  17:59,12-21-2016  18:31,Business,Islamabad,Unknown Location,7.2,Customer Visit
12-21-2016  19:49,12-21-2016  20:35,Business,Unknown Location,Rawalpindi,12,Meeting
12-21-2016  20:56,12-21-2016  23:42,Business,Rawalpindi,Unknown Location,103,Meeting
12-22-2016  15:40,12-22-2016  16:38,Business,Unknown Location,Unknown Location,32.3,Meeting
12-22-2016  17:04,12-22-2016  17:20,Business,Unknown Location,Unknown Location,5.3,Customer Visit
12-22-2016  17:27,12-22-2016  17:53,Business,Unknown Location,Unknown Location,11.6,Meeting
12-22-2016  17:56,12-22-2016  18:29,Business,Unknown Location,Unknown Location,23.2,Meeting
12-22-2016  18:31,12-22-2016  18:37,Business,Unknown Location,Unknown Location,3.2,Errand/Supplies
12-22-2016  18:38,12-22-2016  18:47,Business,Unknown Location,Unknown Location,12.3,Temporary Site
12-22-2016  19:04,12-22-2016  19:50,Business,Unknown Location,Lahore,14,Meeting
12-22-2016  21:41,12-22-2016  21:53,Business,Lahore,Lahore,2.1,Meal/Entertain
12-22-2016  23:27,12-22-2016  23:32,Business,Lahore,Lahore,2.1,Customer Visit
12-23-2016  09:21,12-23-2016  09:41,Business,Lahore,Lahore,3,Meeting
12-23-2016  11:33,12-23-2016  11:58,Business,Lahore,Unknown Location,6.2,Meeting
12-23-2016  14:15,12-23-2016  15:25,Business,Unknown Location,Unknown Location,9.6,Meeting
12-23-2016  16:23,12-23-2016  16:34,Business,Unknown Location,Unknown Location,1.3,Errand/Supplies
12-23-2016  17:34,12-23-2016  18:27,Business,Unknown Location,Lahore,7.1,Meal/Entertain
12-24-2016  07:43,12-24-2016  08:04,Business,Lahore,Unknown Location,6.3,Meal/Entertain
12-24-2016  09:19,12-24-2016  09:55,Business,Unknown Location,Lahore,10.7,Meal/Entertain
12-24-2016  10:34,12-24-2016  10:53,Business,Lahore,Lahore,5.3,Meal/Entertain
12-24-2016  12:51,12-24-2016  12:53,Business,Lahore,Lahore,1.6,Errand/Supplies
12-24-2016  13:08,12-24-2016  13:29,Business,Lahore,Lahore,3.6,Errand/Supplies
12-24-2016  17:12,12-24-2016  17:27,Business,Lahore,Lahore,1.7,Errand/Supplies
12-24-2016  19:12,12-24-2016  19:27,Business,Lahore,Lahore,2.9,Meal/Entertain
12-24-2016  22:04,12-24-2016  22:09,Business,Lahore,Lahore,0.6,Errand/Supplies
12-25-2016  00:10,12-25-2016  00:14,Business,Lahore,Lahore,0.6,Errand/Supplies
12-25-2016  19:15,12-25-2016  19:26,Business,Lahore,Lahore,2.3,Meal/Entertain
12-25-2016  21:58,12-25-2016  22:04,Business,Lahore,Lahore,2.3,Meal/Entertain
12-26-2016  08:30,12-26-2016  08:41,Business,Lahore,Lahore,3.2,Meal/Entertain
12-26-2016  09:05,12-26-2016  09:19,Business,Lahore,Lahore,6.2,Customer Visit
12-26-2016  10:15,12-26-2016  10:36,Business,Lahore,Lahore,7.7,Customer Visit
12-26-2016  11:29,12-26-2016  11:42,Business,Lahore,Lahore,3.8,Customer Visit
12-26-2016  13:09,12-26-2016  13:43,Business,Lahore,Unknown Location,7.9,Meeting
12-27-2016  07:02,12-27-2016  07:14,Business,Karachi,Karachi,4.9,Temporary Site
12-27-2016  08:37,12-27-2016  08:59,Business,Karachi,Karachi,5,Meal/Entertain
12-27-2016  12:53,12-27-2016  12:57,Business,Karachi,Karachi,0.6,Meal/Entertain
12-27-2016  14:49,12-27-2016  15:03,Business,Karachi,Unknown Location,3.1,Customer Visit
12-27-2016  16:34,12-27-2016  16:58,Business,Unknown Location,Karachi,7.9,Meeting
12-27-2016  19:19,12-27-2016  19:50,Business,Karachi,Karachi,5.5,Customer Visit
12-28-2016  08:34,12-28-2016  09:06,Business,Karachi,Unknown Location,10.3,Meal/Entertain
12-28-2016  11:42,12-28-2016  12:12,Business,Unknown Location,Karachi,10.4,Errand/Supplies
12-28-2016  13:53,12-28-2016  14:01,Business,Karachi,Karachi,2,Errand/Supplies
12-28-2016  15:04,12-28-2016  15:39,Business,Karachi,Unknown Location,8.5,Meal/Entertain
12-28-2016  17:02,12-28-2016  17:16,Business,Unknown Location,Karachi,4.4,Errand/Supplies
12-28-2016  18:33,12-28-2016  18:56,Business,Karachi,Karachi,3.8,Errand/Supplies
12-28-2016  22:44,12-28-2016  23:18,Business,Karachi,Karachi,5.1,Errand/Supplies
12-29-2016  00:49,12-29-2016  01:06,Business,Karachi,Karachi,3.8,Errand/Supplies
12-29-2016  09:44,12-29-2016  10:07,Business,Karachi,Unknown Location,11.6,Meal/Entertain
12-29-2016  11:28,12-29-2016  12:00,Business,Unknown Location,Karachi,11.9,Meal/Entertain
12-29-2016  12:25,12-29-2016  12:33,Business,Karachi,Karachi,1.4,Errand/Supplies
12-29-2016  13:17,12-29-2016  13:24,Business,Karachi,Karachi,1.1,Errand/Supplies
12-29-2016  13:56,12-29-2016  14:11,Business,Karachi,Karachi,4.1,Airport/Travel
12-29-2016  14:42,12-29-2016  14:58,Business,Karachi,Karachi,6.1,Between Offices
12-29-2016  15:05,12-29-2016  15:16,Business,Karachi,Karachi,1.3,Errand/Supplies
12-29-2016  18:59,12-29-2016  19:14,Business,Karachi,Unknown Location,3,Meal/Entertain
12-29-2016  19:50,12-29-2016  20:10,Business,Unknown Location,Karachi,4.1,Customer Visit
12-29-2016  20:15,12-29-2016  20:45,Business,Karachi,Karachi,7.2,Meeting
12-29-2016  20:53,12-29-2016  21:42,Business,Karachi,Unknown Location,6.4,
12-29-2016  23:14,12-29-2016  23:47,Business,Unknown Location,Karachi,12.9,Meeting
12-30-2016  10:15,12-30-2016  10:33,Business,Karachi,Karachi,2.8,Errand/Supplies
12-30-2016  11:31,12-30-2016  11:56,Business,Karachi,Karachi,2.9,Errand/Supplies
12-30-2016  15:41,12-30-2016  16:03,Business,Karachi,Karachi,4.6,Errand/Supplies
12-30-2016  16:45,12-30-2016  17:08,Business,Karachi,Karachi,4.6,Meeting
12-30-2016  23:06,12-30-2016  23:10,Business,Karachi,Karachi,0.8,Customer Visit
12-31-2016  01:07,12-31-2016  01:14,Business,Karachi,Karachi,0.7,Meeting
12-31-2016  13:24,12-31-2016  13:42,Business,Karachi,Unknown Location,3.9,Temporary Site
12-31-2016  15:03,12-31-2016  15:38,Business,Unknown Location,Unknown Location,16.2,Meeting
12-31-2016  21:32,12-31-2016  21:50,Business,Katunayake,Gampaha,6.4,Temporary Site
12-31-2016  22:08,12-31-2016  23:51,Business,Gampaha,Ilukwatta,48.2,Temporary Site
Totals,,,,,12204.7,
,,,,,,
,,,,,,
